ID,Paymethod,Sex,Status,Children,Est_Income,Age
11,CC,M,S,2,96.330000,56.473333
523,CC,M,S,2,96.330000,56.473333
1035,CC,M,S,2,96.330000,56.473333
1547,CC,M,S,2,96.330000,56.473333
3808,CC,M,S,2,96.330000,56.473333
237,CC,F,M,2,194.570000,42.000000
749,CC,F,M,2,194.570000,47.000000
1261,CC,F,M,2,194.570000,41.000000
1773,CC,F,M,2,194.570000,70.000000
478,CC,F,S,0,433.740000,60.746667
990,CC,F,S,0,433.740000,60.746667
1502,CC,F,S,0,433.740000,60.746667
2014,CC,F,S,0,433.740000,60.746667
2261,CC,F,S,0,433.740000,60.746667
2530,CC,F,S,0,433.740000,60.746667
2774,CC,F,S,0,433.740000,60.746667
3038,CC,F,S,0,433.740000,60.746667
3282,CC,F,S,0,433.740000,60.746667
3526,CC,F,S,0,433.740000,60.746667
3770,CC,F,S,0,433.740000,60.746667
298,Auto,F,S,1,540.400000,39.213333
810,Auto,F,S,1,540.400000,39.213333
1322,Auto,F,S,1,540.400000,39.213333
1834,Auto,F,S,1,540.400000,39.213333
2165,Auto,F,S,1,540.400000,39.213333
2434,Auto,F,S,1,540.400000,39.213333
2678,Auto,F,S,1,540.400000,39.213333
2942,Auto,F,S,1,540.400000,39.213333
3186,Auto,F,S,1,540.400000,39.213333
3430,Auto,F,S,1,540.400000,39.213333
3674,Auto,F,S,1,540.400000,39.213333
279,CH,F,M,2,809.430000,31.913333
791,CH,F,M,2,809.430000,31.913333
1303,CH,F,M,2,809.430000,31.913333
1815,CH,F,M,2,809.430000,31.913333
349,CH,F,S,0,919.930000,38.260000
861,CH,F,S,0,919.930000,38.260000
1373,CH,F,S,0,919.930000,38.260000
1885,CH,F,S,0,919.930000,38.260000
158,CC,M,M,2,1406.050000,19.306667
670,CC,M,M,2,1406.050000,19.306667
1182,CC,M,M,2,1406.050000,19.306667
1694,CC,M,M,2,1406.050000,19.306667
124,CC,M,M,2,1765.410000,18.766667
636,CC,M,M,2,1765.410000,18.766667
1148,CC,M,M,2,1765.410000,18.766667
1660,CC,M,M,2,1765.410000,18.766667
2097,CC,M,M,2,1765.410000,18.766667
2341,CC,M,M,2,1765.410000,18.766667
2366,CC,M,M,2,1765.410000,18.766667
2610,CC,M,S,1,1765.410000,18.766667
2874,CC,M,M,2,1765.410000,18.766667
3118,CC,M,S,1,1765.410000,18.766667
3362,CC,M,M,2,1765.410000,18.766667
3606,CC,M,M,2,1765.410000,18.766667
484,CC,F,M,0,2031.610000,20.300000
996,CC,F,M,0,2031.610000,20.300000
1508,CC,F,M,0,2031.610000,20.300000
2020,CC,F,M,0,2031.610000,20.300000
2267,CC,F,M,0,2031.610000,20.300000
2536,CC,F,M,0,2031.610000,20.300000
2780,CC,F,M,0,2031.610000,20.300000
3044,CC,F,M,0,2031.610000,20.300000
3288,CC,F,M,0,2031.610000,20.300000
3532,CC,F,M,0,2031.610000,20.300000
3776,CC,F,M,0,2031.610000,20.300000
219,Auto,M,S,0,2056.060000,18.940000
731,Auto,M,S,1,2056.060000,18.940000
1243,Auto,M,D,0,2056.060000,18.940000
1755,Auto,M,S,0,2056.060000,18.940000
221,CC,M,M,1,2067.820000,47.853333
733,CC,M,M,1,2067.820000,47.853333
1245,CC,M,M,1,2067.820000,47.853333
1757,CC,M,M,1,2067.820000,47.853333
2141,CC,M,M,1,2067.820000,47.853333
2410,CC,M,M,1,2067.820000,47.853333
2654,CC,M,M,1,2067.820000,47.853333
2918,CC,M,M,1,2067.820000,47.853333
3162,CC,M,M,1,2067.820000,47.853333
3406,CC,M,M,1,2067.820000,47.853333
3650,CC,M,M,1,2067.820000,47.853333
266,CC,F,S,0,2121.360000,39.786667
778,CC,F,S,0,2121.360000,39.786667
1290,CC,F,S,0,2121.360000,39.786667
1802,CC,F,S,0,2121.360000,39.786667
370,CH,F,M,2,2185.600000,52.513333
882,CH,F,M,2,2185.600000,52.513333
1394,CH,F,M,2,2185.600000,52.513333
1906,CH,F,M,2,2185.600000,52.513333
1470,CC,F,S,1,2800.680000,45.673333
1982,CC,F,S,1,2800.680000,45.673333
2240,CC,F,S,1,2800.680000,45.673333
2509,CC,F,S,1,2800.680000,45.673333
2753,CC,F,S,1,2800.680000,45.673333
3017,CC,F,S,1,2800.680000,45.673333
3261,CC,F,S,1,2800.680000,45.673333
3505,CC,F,S,1,2800.680000,45.673333
3749,CC,F,S,1,2800.680000,45.673333
1331,CC,M,S,0,2805.010000,25.000000
135,Auto,F,S,2,2842.550000,45.920000
647,Auto,F,S,2,2842.550000,45.920000
1159,Auto,F,S,2,2842.550000,45.920000
1671,Auto,F,S,2,2842.550000,45.920000
458,CH,F,S,1,2929.130000,53.506667
970,CH,F,S,1,2929.130000,53.506667
1482,CH,F,S,1,2929.130000,53.506667
1994,CH,F,S,1,2929.130000,53.506667
214,CH,F,M,2,3193.600000,54.046667
726,CH,F,M,2,3193.600000,54.046667
1238,CH,F,M,2,3193.600000,54.046667
1750,CH,F,M,2,3193.600000,54.046667
332,CC,F,S,2,3416.620000,22.760000
844,CC,F,S,2,3416.620000,22.760000
1356,CC,F,S,2,3416.620000,22.760000
1868,CC,F,S,2,3416.620000,22.760000
2174,CC,F,S,2,3416.620000,22.760000
2443,CC,F,S,2,3416.620000,22.760000
2687,CC,F,S,2,3416.620000,22.760000
2951,CC,F,S,2,3416.620000,22.760000
3195,CC,F,S,2,3416.620000,22.760000
3439,CC,F,S,2,3416.620000,22.760000
3683,CC,F,S,2,3416.620000,22.760000
77,Auto,M,S,0,3601.710000,49.266667
589,Auto,M,S,0,3601.710000,49.266667
1101,Auto,M,S,0,3601.710000,49.266667
1317,Auto,M,S,0,3601.710000,49.266667
1613,Auto,M,S,0,3601.710000,49.266667
2624,Auto,M,S,0,3601.710000,49.266667
1276,CC,M,M,0,3911.900000,59.000000
1788,CC,M,M,0,3911.900000,38.413333
3177,CC,M,M,0,3911.900000,38.413333
714,CC,M,M,1,3933.740000,17.860000
1226,CC,M,M,1,3933.740000,17.860000
419,Auto,M,S,1,3960.500000,14.693333
931,Auto,M,S,1,3960.500000,14.693333
1443,Auto,M,S,1,3960.500000,14.693333
1955,Auto,M,S,1,3960.500000,14.693333
308,CC,F,S,0,5185.310000,62.053333
820,CC,F,S,0,5185.310000,62.053333
1332,CC,F,S,0,5185.310000,62.053333
1844,CC,F,S,0,5185.310000,62.053333
42,CC,F,M,2,5237.630000,48.753333
554,CC,F,M,2,5237.630000,48.753333
1066,CC,F,M,2,5237.630000,48.753333
1578,CC,F,M,2,5237.630000,48.753333
656,Auto,M,M,1,5252.290000,16.333333
1680,Auto,M,M,1,5252.290000,16.333333
2106,Auto,M,M,1,5252.290000,16.333333
2619,Auto,M,M,1,5252.290000,16.333333
473,Auto,M,M,2,5265.350000,52.873333
985,Auto,M,M,2,5265.350000,52.873333
1497,Auto,M,M,2,5265.350000,52.873333
2009,Auto,M,S,1,5265.350000,52.873333
3158,CH,M,M,1,5306.110000,39.093333
3402,CH,M,M,1,5306.110000,39.093333
337,CC,M,M,0,5745.000000,15.380000
849,CC,M,M,0,5745.000000,15.380000
1361,CC,M,M,0,5745.000000,15.380000
1873,CC,M,M,0,5745.000000,15.380000
2176,CC,M,M,0,5745.000000,15.380000
2445,CC,M,M,0,5745.000000,15.380000
2689,CC,M,M,0,5745.000000,15.380000
2953,CC,M,M,0,5745.000000,15.380000
3197,CC,M,M,0,5745.000000,15.380000
3441,CC,M,M,0,5745.000000,15.380000
3685,CC,M,M,0,5745.000000,15.380000
139,CH,F,S,2,6440.460000,52.646667
651,CH,F,S,2,6440.460000,41.000000
1163,CH,F,S,2,6440.460000,43.000000
1675,CH,F,S,2,6440.460000,70.000000
2102,CH,F,S,2,6440.460000,48.000000
2371,CH,F,S,2,6440.460000,41.000000
2615,CH,F,S,2,6440.460000,46.000000
2879,CH,F,S,2,6440.460000,61.000000
3123,CH,F,S,2,6440.460000,52.000000
3367,CH,F,S,2,6440.460000,42.000000
3611,CH,F,S,2,6440.460000,41.000000
374,CH,F,M,1,6946.070000,23.000000
1910,CH,F,M,1,6946.070000,20.000000
2182,CH,F,M,1,6946.070000,20.000000
140,CC,F,S,0,7325.500000,36.920000
652,CC,F,S,0,7325.500000,36.920000
1164,CC,F,S,0,7325.500000,36.920000
1676,CC,F,S,0,7325.500000,36.920000
29,CC,M,M,1,7545.960000,16.753333
541,CC,M,M,1,7545.960000,16.753333
1053,CC,M,M,1,7545.960000,16.753333
1565,CC,M,M,1,7545.960000,16.753333
2064,CC,M,M,1,7545.960000,16.753333
2308,CC,M,M,1,7545.960000,16.753333
2577,CC,M,M,1,7545.960000,16.753333
2821,CC,M,M,1,7545.960000,16.753333
2841,CC,M,M,1,7545.960000,16.753333
3085,CC,M,M,1,7545.960000,16.753333
3329,CC,M,M,1,7545.960000,16.753333
3573,CC,M,M,1,7545.960000,16.753333
60,CC,F,S,1,7737.940000,42.666667
572,CC,F,S,1,7737.940000,42.666667
1084,CC,F,S,1,7737.940000,42.666667
1596,CC,F,S,1,7737.940000,42.666667
220,CC,F,M,2,7776.600000,35.706667
732,CC,F,M,2,7776.600000,35.706667
1244,CC,F,M,2,7776.600000,35.706667
1756,CC,F,M,2,7776.600000,35.706667
335,CC,F,M,2,8032.160000,45.666667
847,CC,F,M,2,8032.160000,45.666667
1359,CC,F,M,2,8032.160000,45.666667
1871,CC,F,M,2,8032.160000,45.666667
492,Auto,F,M,1,8073.110000,43.000000
1004,Auto,F,M,1,8073.110000,46.000000
1516,Auto,F,M,1,8073.110000,48.000000
2028,Auto,F,M,1,8073.110000,55.000000
2274,Auto,F,M,1,8073.110000,52.000000
2543,Auto,F,M,1,8073.110000,47.000000
2787,Auto,F,M,1,8073.110000,52.646667
3051,Auto,F,M,1,8073.110000,41.000000
3295,Auto,F,M,1,8073.110000,43.000000
3539,Auto,F,M,1,8073.110000,70.000000
3783,Auto,F,M,1,8073.110000,47.000000
86,CH,F,M,2,8204.720000,52.973333
598,CH,F,M,2,8204.720000,52.973333
1110,CH,F,M,2,8204.720000,52.973333
1622,CH,F,M,2,8204.720000,52.973333
355,CH,F,S,2,8392.140000,36.680000
867,CH,F,S,2,8392.140000,36.680000
1379,CH,F,S,2,8392.140000,36.680000
1891,CH,F,S,2,8392.140000,36.680000
439,CC,F,D,1,9309.570000,24.000000
1975,CC,M,M,2,9309.570000,25.440000
2233,CC,M,M,2,9309.570000,25.440000
2502,CC,M,S,0,9309.570000,25.440000
2746,CC,M,M,2,9309.570000,25.440000
3010,CC,M,S,0,9309.570000,25.440000
3254,CC,M,M,2,9309.570000,25.440000
3498,CC,F,M,2,9309.570000,25.440000
3742,CC,F,M,2,9309.570000,25.440000
68,CC,F,S,2,9559.780000,51.380000
580,CC,F,S,2,9559.780000,51.380000
1092,CC,F,S,2,9559.780000,51.380000
1604,CC,F,S,2,9559.780000,51.380000
1539,CC,M,M,0,9780.660000,24.546667
2052,CC,M,M,0,9780.660000,24.546667
2565,CC,M,M,0,9780.660000,24.546667
2829,CC,M,M,0,9780.660000,24.546667
3317,CC,M,M,0,9780.660000,24.546667
481,CH,M,M,2,10708.300000,26.026667
993,CH,M,M,2,10708.300000,26.026667
1505,CH,M,M,2,10708.300000,26.026667
2017,CH,M,M,2,10708.300000,26.026667
2264,CH,M,M,2,10708.300000,26.026667
2533,CH,M,M,2,10708.300000,26.026667
2777,CH,M,M,2,10708.300000,26.026667
3041,CH,M,M,2,10708.300000,26.026667
3285,CH,M,M,2,10708.300000,26.026667
3529,CH,M,M,2,10708.300000,26.026667
3773,CH,M,M,2,10708.300000,26.026667
375,CC,F,M,2,11234.700000,49.046667
887,CC,F,M,2,11234.700000,49.046667
1399,CC,F,M,2,11234.700000,49.046667
1911,CC,F,M,2,11234.700000,49.046667
2183,CC,F,M,2,11234.700000,49.046667
2452,CC,F,M,2,11234.700000,49.046667
2696,CC,F,M,2,11234.700000,49.046667
2960,CC,F,M,2,11234.700000,49.046667
3204,CC,F,M,2,11234.700000,49.046667
3448,CC,F,M,2,11234.700000,49.046667
3692,CC,F,M,2,11234.700000,49.046667
315,CC,F,S,2,11251.100000,61.000000
827,CC,F,S,2,11251.100000,52.000000
1339,CC,F,S,2,11251.100000,43.000000
1851,CC,F,S,2,11251.100000,47.000000
2169,CC,F,S,2,11251.100000,52.646667
2438,CC,F,S,2,11251.100000,41.000000
2682,CC,F,S,2,11251.100000,46.000000
2946,CC,F,S,2,11251.100000,61.000000
3190,CC,F,S,2,11251.100000,52.000000
3434,CC,F,S,2,11251.100000,62.000000
3678,CC,F,S,2,11251.100000,43.000000
404,Auto,F,S,1,12374.900000,33.493333
916,Auto,F,S,1,12374.900000,33.493333
1428,Auto,F,S,1,12374.900000,33.493333
1940,Auto,F,S,1,12374.900000,33.493333
2201,Auto,F,S,1,12374.900000,33.493333
2470,Auto,F,S,1,12374.900000,33.493333
2714,Auto,F,S,1,12374.900000,33.493333
2978,Auto,F,S,1,12374.900000,33.493333
3222,Auto,F,S,1,12374.900000,33.493333
3466,Auto,F,S,1,12374.900000,33.493333
3710,Auto,F,S,1,12374.900000,33.493333
386,Auto,M,M,0,12387.600000,56.173333
898,Auto,M,M,0,12387.600000,56.173333
1410,Auto,M,M,0,12387.600000,56.173333
1922,Auto,M,M,0,12387.600000,56.173333
2184,Auto,M,M,0,12387.600000,56.173333
195,CC,F,S,1,12526.300000,53.553333
707,CC,F,S,1,12526.300000,53.553333
1219,CC,F,S,1,12526.300000,53.553333
1731,CC,F,S,1,12526.300000,53.553333
182,Auto,F,S,1,12686.000000,64.800000
694,Auto,F,S,1,12686.000000,64.800000
1206,Auto,F,S,1,12686.000000,64.800000
1718,Auto,F,S,1,12686.000000,64.800000
821,CC,F,D,1,13011.400000,16.060000
117,CC,M,M,1,13091.600000,59.126667
629,CC,M,M,1,13091.600000,59.126667
1141,CC,M,M,1,13091.600000,59.126667
1653,CC,M,M,1,13091.600000,59.126667
2090,CC,M,M,1,13091.600000,59.126667
2334,CC,M,M,1,13091.600000,59.126667
2359,CC,M,M,1,13091.600000,59.126667
2603,CC,M,M,1,13091.600000,59.126667
2867,CC,M,M,1,13091.600000,59.126667
3111,CC,M,M,1,13091.600000,59.126667
3355,CC,M,M,1,13091.600000,59.126667
3599,CC,M,M,1,13091.600000,59.126667
108,Auto,F,S,1,13109.100000,62.606667
620,Auto,F,S,1,13109.100000,62.606667
1132,Auto,F,S,1,13109.100000,62.606667
1644,Auto,F,S,1,13109.100000,62.606667
2082,Auto,F,S,1,13109.100000,62.606667
2326,Auto,F,S,1,13109.100000,62.606667
2351,Auto,F,S,1,13109.100000,62.606667
2595,Auto,F,S,1,13109.100000,62.606667
2859,Auto,F,S,1,13109.100000,62.606667
3103,Auto,F,S,1,13109.100000,62.606667
3347,Auto,F,S,1,13109.100000,62.606667
3591,Auto,F,S,1,13109.100000,62.606667
48,CC,F,S,1,13576.500000,39.426667
560,CC,F,S,1,13576.500000,39.426667
1072,CC,F,S,1,13576.500000,39.426667
1584,CC,F,S,1,13576.500000,39.426667
2071,CC,F,S,1,13576.500000,39.426667
2315,CC,F,S,1,13576.500000,39.426667
2584,CC,F,S,1,13576.500000,39.426667
2848,CC,F,S,1,13576.500000,39.426667
3092,CC,F,S,1,13576.500000,39.426667
3336,CC,F,S,1,13576.500000,39.426667
3580,CC,F,S,1,13576.500000,39.426667
423,CC,F,M,1,13829.400000,22.000000
935,CC,F,M,1,13829.400000,20.000000
1959,CC,F,M,1,13829.400000,19.000000
2217,CC,F,M,1,13829.400000,21.000000
2451,CH,F,M,1,13829.400000,24.000000
2695,CH,F,M,1,13829.400000,20.000000
440,Auto,F,M,1,14085.500000,23.000000
1464,Auto,F,M,1,14085.500000,24.000000
1976,Auto,F,M,1,14085.500000,24.000000
2730,CC,F,M,1,14085.500000,19.000000
2994,CC,F,M,1,14085.500000,21.000000
353,CC,F,M,0,14573.600000,64.606667
865,CC,F,M,0,14573.600000,64.606667
1377,CC,F,M,0,14573.600000,64.606667
198,Auto,F,S,2,14578.800000,60.933333
710,Auto,F,S,2,14578.800000,60.933333
1222,Auto,F,S,2,14578.800000,60.933333
1734,Auto,F,S,2,14578.800000,60.933333
2134,Auto,F,S,2,14578.800000,60.933333
2403,Auto,F,S,2,14578.800000,60.933333
2647,Auto,F,S,2,14578.800000,60.933333
2911,Auto,F,S,2,14578.800000,60.933333
3155,Auto,F,S,2,14578.800000,60.933333
3399,Auto,F,S,2,14578.800000,60.933333
3643,Auto,F,S,2,14578.800000,60.933333
228,CC,F,M,0,14932.500000,52.000000
740,CC,F,M,0,14932.500000,46.000000
1252,CC,F,M,0,14932.500000,70.000000
1764,CC,F,M,0,14932.500000,42.000000
305,CC,F,S,2,15688.500000,53.060000
817,CC,F,S,2,15688.500000,53.060000
1329,CC,F,S,2,15688.500000,53.060000
1841,CC,F,S,2,15688.500000,53.060000
410,CH,M,S,0,15924.200000,14.460000
2207,CH,M,S,0,15924.200000,14.460000
2720,CH,M,S,0,15924.200000,14.460000
2984,CH,M,S,0,15924.200000,14.460000
3228,CH,M,S,0,15924.200000,14.460000
462,CC,F,S,0,15989.300000,61.693333
974,CC,F,S,0,15989.300000,61.693333
1486,CC,F,S,0,15989.300000,61.693333
1998,CC,F,S,0,15989.300000,61.693333
2251,CC,F,S,0,15989.300000,61.693333
2520,CC,F,S,0,15989.300000,61.693333
2764,CC,F,S,0,15989.300000,61.693333
3028,CC,F,S,0,15989.300000,61.693333
3272,CC,F,S,0,15989.300000,61.693333
3516,CC,F,S,0,15989.300000,61.693333
3760,CC,F,S,0,15989.300000,61.693333
65,CC,F,S,1,16326.700000,50.613333
577,CC,F,S,1,16326.700000,50.613333
1089,CC,F,S,1,16326.700000,50.613333
1601,CC,F,S,1,16326.700000,50.613333
289,CH,M,S,1,16432.100000,20.920000
801,CH,M,S,1,16432.100000,20.920000
1313,CH,M,S,1,16432.100000,20.920000
1825,CH,M,S,1,16432.100000,20.920000
2162,CH,M,S,1,16432.100000,20.920000
2431,CH,M,S,1,16432.100000,20.920000
2675,CH,M,S,1,16432.100000,20.920000
2939,CH,M,S,1,16432.100000,20.920000
3183,CH,M,S,1,16432.100000,20.920000
3427,CH,M,S,1,16432.100000,20.920000
3671,CH,M,S,1,16432.100000,20.920000
488,CH,F,S,2,16938.500000,55.000000
1000,CH,F,S,2,16938.500000,52.000000
1512,CH,F,S,2,16938.500000,43.000000
2024,CH,F,S,2,16938.500000,46.000000
2270,CH,F,S,2,16938.500000,70.000000
2539,CH,F,S,2,16938.500000,42.000000
2783,CH,F,S,2,16938.500000,46.000000
3047,CH,F,S,2,16938.500000,48.000000
3291,CH,F,S,2,16938.500000,52.646667
3535,CH,F,S,2,16938.500000,41.000000
3779,CH,F,S,2,16938.500000,42.000000
479,CC,F,M,2,16962.200000,45.360000
991,CC,F,M,2,16962.200000,45.360000
1503,CC,F,M,2,16962.200000,45.360000
2015,CC,F,M,2,16962.200000,45.360000
2262,CC,F,M,2,16962.200000,45.360000
2531,CC,F,M,2,16962.200000,45.360000
2775,CC,F,M,2,16962.200000,45.360000
3039,CC,F,M,2,16962.200000,45.360000
3283,CC,F,M,2,16962.200000,45.360000
3527,CC,F,M,2,16962.200000,45.360000
3771,CC,F,M,2,16962.200000,45.360000
356,CC,F,S,0,17138.200000,63.786667
868,CC,F,S,0,17138.200000,63.786667
1380,CC,F,S,0,17138.200000,63.786667
1892,CC,F,S,0,17138.200000,63.786667
36,Auto,F,S,1,17540.700000,62.786667
548,Auto,F,S,1,17540.700000,62.786667
1060,Auto,F,S,1,17540.700000,62.786667
1572,Auto,F,S,1,17540.700000,62.786667
3822,Auto,F,S,1,17540.700000,62.786667
194,CC,F,M,2,17888.700000,55.000000
706,CC,F,M,2,17888.700000,43.000000
1218,CC,F,M,2,17888.700000,52.646667
1730,CC,F,M,2,17888.700000,43.000000
254,CC,F,M,2,18296.400000,42.626667
766,CC,F,M,2,18296.400000,42.626667
1278,CC,F,M,2,18296.400000,42.626667
1790,CC,F,M,2,18296.400000,42.626667
284,CC,F,S,2,19008.400000,52.166667
796,CC,F,S,2,19008.400000,52.166667
1308,CC,F,S,2,19008.400000,52.166667
1820,CC,F,S,2,19008.400000,52.166667
127,Auto,F,S,2,19131.100000,56.186667
639,Auto,F,S,2,19131.100000,56.186667
1151,Auto,F,S,2,19131.100000,56.186667
1663,Auto,F,S,2,19131.100000,56.186667
2098,Auto,F,S,2,19131.100000,56.186667
2342,Auto,F,S,2,19131.100000,56.186667
2367,Auto,F,S,2,19131.100000,56.186667
2611,Auto,F,S,2,19131.100000,56.186667
2875,Auto,F,S,2,19131.100000,56.186667
3119,Auto,F,S,2,19131.100000,56.186667
3363,Auto,F,S,2,19131.100000,56.186667
3607,Auto,F,S,2,19131.100000,56.186667
8,CC,M,M,0,19732.800000,50.673333
520,CC,M,M,0,19732.800000,50.673333
1032,CC,M,M,0,19732.800000,50.673333
1544,CC,M,M,0,19732.800000,50.673333
3805,CC,M,M,0,19732.800000,50.673333
21,CC,M,M,0,19749.300000,60.366667
533,CC,M,M,0,19749.300000,60.366667
1045,CC,M,M,0,19749.300000,60.366667
1557,CC,M,M,0,19749.300000,60.366667
2060,CC,M,M,0,19749.300000,60.366667
2304,CC,M,M,0,19749.300000,60.366667
2573,CC,M,M,0,19749.300000,60.366667
2817,CC,M,M,0,19749.300000,60.366667
2837,CC,M,M,0,19749.300000,60.366667
3081,CC,M,M,0,19749.300000,60.366667
3325,CC,M,M,0,19749.300000,60.366667
3569,CC,M,M,0,19749.300000,60.366667
23,CC,M,M,2,20078.000000,32.846667
535,CC,M,M,2,20078.000000,32.846667
1047,CC,M,M,2,20078.000000,32.846667
1559,CC,M,D,0,20078.000000,32.846667
2062,CC,M,M,2,20078.000000,32.846667
2306,CC,M,M,2,20078.000000,32.846667
2575,CC,M,S,0,20078.000000,32.846667
2819,CC,M,M,2,20078.000000,32.846667
2839,CC,M,M,2,20078.000000,32.846667
3083,CC,M,D,1,20078.000000,32.846667
3327,CC,M,D,0,20078.000000,32.846667
3571,CC,M,S,0,20078.000000,32.846667
121,CC,F,M,1,20550.900000,22.120000
633,CC,F,M,1,20550.900000,22.120000
1145,CC,F,M,1,20550.900000,22.120000
1657,CC,F,M,1,20550.900000,22.120000
2094,CC,F,M,1,20550.900000,22.120000
2338,CC,F,M,1,20550.900000,22.120000
2363,CC,F,M,1,20550.900000,22.120000
2607,CC,F,M,1,20550.900000,22.120000
2871,CC,F,M,1,20550.900000,22.120000
3115,CC,F,M,1,20550.900000,22.120000
3359,CC,F,M,1,20550.900000,22.120000
3603,CC,F,M,1,20550.900000,22.120000
2861,CC,F,S,2,21021.600000,62.753333
3105,CC,F,S,2,21021.600000,62.753333
3349,CC,F,S,2,21021.600000,62.753333
3593,CC,F,S,2,21021.600000,62.753333
391,Auto,F,S,2,21274.000000,45.526667
903,Auto,F,S,2,21274.000000,45.526667
1415,Auto,F,S,2,21274.000000,45.526667
1927,Auto,F,S,2,21274.000000,45.526667
2188,Auto,F,S,2,21274.000000,45.526667
2457,Auto,F,S,2,21274.000000,45.526667
2701,Auto,F,S,2,21274.000000,45.526667
2965,Auto,F,S,2,21274.000000,45.526667
3209,Auto,F,S,2,21274.000000,45.526667
3453,Auto,F,S,2,21274.000000,45.526667
3697,Auto,F,S,2,21274.000000,45.526667
414,CC,M,M,2,21416.500000,35.653333
648,CC,M,M,2,22358.100000,52.626667
1160,CC,M,M,2,22358.100000,52.626667
1672,CC,M,M,2,22358.100000,52.626667
1306,CH,M,M,0,23000.000000,61.020000
236,CC,F,S,2,23464.000000,70.000000
748,CC,F,S,2,23464.000000,61.000000
1260,CC,F,S,2,23464.000000,55.000000
1772,CC,F,S,2,23464.000000,52.000000
494,CC,M,S,1,24141.500000,17.006667
1006,CC,M,S,1,24141.500000,17.006667
1518,CC,M,S,1,24141.500000,17.006667
2030,CC,M,S,1,24141.500000,17.006667
2276,CC,M,S,1,24141.500000,17.006667
2545,CC,M,S,1,24141.500000,17.006667
2789,CC,M,S,1,24141.500000,17.006667
3053,CC,M,S,1,24141.500000,17.006667
1012,CC,F,M,0,27371.800000,52.646667
1524,CC,F,M,0,27371.800000,41.000000
2036,CC,F,M,0,27371.800000,43.000000
2282,CC,F,M,0,27371.800000,46.000000
2551,CC,F,M,0,27371.800000,62.000000
2795,CC,F,M,0,27371.800000,43.000000
3059,CC,F,M,0,27371.800000,70.000000
3303,CC,F,M,0,27371.800000,61.000000
3547,CC,F,M,0,27371.800000,52.000000
3791,CC,F,M,0,27371.800000,62.000000
229,CC,F,S,0,27498.100000,42.000000
741,CC,F,S,0,27498.100000,52.646667
1253,CC,F,S,0,27498.100000,70.000000
1765,CC,F,S,0,27498.100000,43.000000
273,CC,F,S,1,27783.600000,14.040000
785,CC,F,S,1,27783.600000,14.040000
3210,CC,F,M,2,28267.000000,30.093333
3454,CC,F,M,2,28267.000000,30.093333
3698,CC,F,M,2,28267.000000,30.093333
1023,CC,M,M,1,28313.100000,20.893333
3801,CC,M,M,1,28313.100000,20.893333
40,CC,F,S,0,28589.100000,15.600000
552,CC,F,S,0,28589.100000,15.600000
1064,CC,F,S,0,28589.100000,15.600000
1576,CC,F,S,0,28589.100000,15.600000
3825,CC,F,S,0,28589.100000,15.600000
142,CC,M,M,2,28766.900000,46.840000
654,CC,M,M,2,28766.900000,46.840000
1166,CC,M,M,2,28766.900000,46.840000
1678,CC,M,M,2,28766.900000,46.840000
2104,CC,M,M,2,28766.900000,46.840000
2373,CC,M,M,2,28766.900000,46.840000
2600,Auto,F,S,2,28787.400000,41.666667
2864,Auto,F,S,2,28787.400000,41.666667
3108,Auto,F,S,2,28787.400000,41.666667
3352,Auto,F,S,2,28787.400000,41.666667
3596,Auto,F,S,2,28787.400000,41.666667
6,CH,M,M,2,29616.000000,49.426667
518,CH,M,M,2,29616.000000,49.426667
1030,CH,M,M,2,29616.000000,49.426667
1542,CH,M,M,2,29616.000000,49.426667
3803,CH,M,M,2,29616.000000,49.426667
1967,CC,F,S,0,30000.000000,23.000000
2486,CC,F,M,1,30000.000000,21.000000
2959,CH,F,M,1,30000.000000,20.000000
445,CC,F,S,2,30090.000000,24.000000
232,Auto,F,M,2,30665.200000,22.880000
744,Auto,F,M,2,30665.200000,22.880000
1944,Auto,F,M,2,30998.800000,40.960000
2205,Auto,F,M,2,30998.800000,40.960000
2474,Auto,F,M,2,30998.800000,40.960000
2718,Auto,F,M,2,30998.800000,40.960000
2982,Auto,F,M,2,30998.800000,40.960000
3226,Auto,F,M,2,30998.800000,40.960000
3470,Auto,F,M,2,30998.800000,40.960000
3714,Auto,F,M,2,30998.800000,40.960000
1008,CC,M,S,1,31952.000000,34.266667
2032,CC,M,S,1,31952.000000,34.266667
310,CH,F,S,0,32098.000000,22.433333
444,Auto,F,S,1,32098.000000,22.000000
2294,CC,F,S,1,32098.000000,24.393333
2750,Auto,F,S,2,32098.000000,22.000000
84,CC,F,M,0,32703.100000,64.920000
596,CC,F,M,0,32703.100000,64.920000
1817,CH,F,M,2,34577.700000,63.253333
431,CC,F,S,0,35000.000000,23.000000
822,CH,F,S,0,35000.000000,22.433333
1398,CH,F,M,1,35000.000000,22.000000
1978,CC,F,S,0,35000.000000,23.000000
2563,CC,F,S,1,35000.000000,24.393333
2752,CC,F,S,2,35000.000000,19.000000
1845,CC,F,S,1,35089.000000,16.060000
2050,CC,F,S,1,35089.000000,24.393333
2508,CC,F,S,2,35089.000000,18.000000
3559,CC,F,S,1,35089.000000,24.393333
83,Auto,F,M,2,35976.500000,48.853333
595,Auto,F,M,2,35976.500000,48.853333
1107,Auto,F,M,2,35976.500000,48.853333
1619,Auto,F,M,2,35976.500000,48.853333
475,CC,F,M,2,36647.900000,49.986667
878,Auto,M,M,1,20818.500000,12.680000
1902,Auto,M,M,1,20818.500000,12.680000
295,CC,F,S,0,20913.600000,53.013333
807,CC,F,S,0,20913.600000,53.013333
1319,CC,F,S,0,20913.600000,53.013333
1831,CC,F,S,0,20913.600000,53.013333
264,CC,M,S,2,20919.000000,27.886667
1288,CC,M,S,2,20919.000000,55.000000
110,CC,F,S,2,21021.600000,62.753333
622,CC,M,S,2,21021.600000,62.753333
1134,CC,M,S,2,21021.600000,62.753333
1646,CC,M,S,2,21021.600000,62.753333
2084,CC,M,S,2,21021.600000,62.753333
2328,CC,F,S,2,21021.600000,62.753333
2353,CC,F,S,2,21021.600000,62.753333
2597,CC,F,S,2,21021.600000,62.753333
926,CC,M,D,1,21416.500000,35.653333
1438,CC,M,M,2,21416.500000,35.653333
1950,CC,M,M,2,21416.500000,35.653333
2211,CC,M,M,2,21416.500000,35.653333
2480,CC,M,M,2,21416.500000,35.653333
2724,CC,M,M,2,21416.500000,35.653333
2988,CC,M,M,2,21416.500000,35.653333
3232,CC,M,M,2,21416.500000,35.653333
3476,CC,M,S,0,21416.500000,35.653333
3720,CC,M,M,2,21416.500000,35.653333
231,CC,F,M,2,21419.900000,59.833333
743,CC,F,M,2,21419.900000,59.833333
1255,CC,F,M,2,21419.900000,59.833333
1767,CC,M,M,2,21419.900000,59.833333
136,CC,M,M,2,22358.100000,52.626667
3297,CC,M,S,1,24141.500000,17.006667
3541,CC,M,S,1,24141.500000,17.006667
3785,CC,M,S,1,24141.500000,17.006667
351,CH,F,M,2,24482.800000,33.533333
863,CH,F,M,2,24482.800000,33.533333
1375,CH,F,M,2,24482.800000,33.533333
1887,CH,F,M,2,24482.800000,33.533333
94,CC,F,S,0,25285.500000,53.986667
606,CC,F,S,0,25285.500000,53.986667
1118,CC,F,S,0,25285.500000,53.986667
1630,CC,F,S,0,25285.500000,53.986667
271,CH,F,M,2,25738.400000,50.080000
783,CH,F,M,2,25738.400000,50.080000
1295,CH,F,M,2,25738.400000,50.080000
1807,CH,F,M,2,25738.400000,50.080000
500,CC,F,M,0,27371.800000,48.000000
1297,CC,F,S,1,27783.600000,14.040000
1809,CC,F,S,1,27783.600000,14.040000
3011,Auto,F,M,1,28000.000000,23.000000
38,CC,F,M,2,28220.800000,38.766667
550,CC,F,M,2,28220.800000,38.766667
1062,CC,F,M,2,28220.800000,38.766667
1574,CC,F,S,2,28220.800000,38.766667
3824,CC,F,M,2,28220.800000,38.766667
392,CC,F,M,2,28267.000000,30.093333
904,CC,F,M,2,28267.000000,30.093333
1416,CC,F,M,2,28267.000000,30.093333
1928,CC,F,M,2,28267.000000,30.093333
2189,CC,F,M,2,28267.000000,30.093333
2458,CC,F,M,2,28267.000000,30.093333
2702,CC,F,M,2,28267.000000,30.093333
2966,CC,F,M,2,28267.000000,30.093333
2617,CC,M,M,2,28766.900000,46.840000
2881,CC,M,M,2,28766.900000,46.840000
3125,CC,M,M,2,28766.900000,46.840000
3369,CC,M,M,2,28766.900000,46.840000
3613,CC,M,S,0,28766.900000,46.840000
205,CH,F,M,0,28770.900000,12.340000
717,CH,F,M,0,28770.900000,12.340000
1229,CH,F,M,0,28770.900000,12.340000
1741,CH,F,M,0,28770.900000,12.340000
114,Auto,F,S,2,28787.400000,41.666667
626,Auto,F,S,2,28787.400000,41.666667
1138,Auto,F,S,2,28787.400000,41.666667
1650,Auto,F,S,2,28787.400000,41.666667
2087,Auto,F,S,2,28787.400000,41.666667
2331,Auto,F,S,2,28787.400000,41.666667
2356,Auto,F,S,2,28787.400000,41.666667
1256,Auto,F,M,2,30665.200000,22.880000
1768,Auto,M,M,2,30665.200000,22.880000
2144,Auto,M,M,2,30665.200000,22.880000
2413,Auto,M,M,2,30665.200000,22.880000
2657,Auto,M,S,0,30665.200000,22.880000
2921,Auto,M,M,2,30665.200000,22.880000
3165,Auto,M,M,2,30665.200000,22.880000
3409,Auto,M,M,2,30665.200000,22.880000
3653,Auto,F,M,2,30665.200000,22.880000
213,CC,F,D,0,30763.800000,14.193333
725,CC,F,S,0,30763.800000,14.193333
1237,CC,F,S,1,30763.800000,14.193333
1749,CC,F,S,0,30763.800000,14.193333
408,Auto,F,M,2,30998.800000,40.960000
920,Auto,F,M,2,30998.800000,40.960000
1432,Auto,F,M,2,30998.800000,40.960000
1108,CC,F,M,0,32703.100000,64.920000
1620,CC,F,M,0,32703.100000,64.920000
441,CC,F,S,0,32962.600000,19.000000
1465,CC,F,S,0,32962.600000,21.000000
1977,CC,F,S,0,32962.600000,24.000000
2234,Auto,F,M,1,32962.600000,23.000000
2503,Auto,F,M,1,32962.600000,24.000000
2738,CC,F,S,0,32962.600000,23.000000
3002,CC,F,S,0,32962.600000,24.000000
3013,CC,F,S,0,32962.600000,21.000000
1318,CH,F,S,1,33084.300000,50.313333
443,Auto,F,S,2,33330.000000,21.000000
886,CH,F,M,1,34555.000000,23.000000
281,CH,F,M,2,34577.700000,63.253333
793,CH,F,M,2,34577.700000,63.253333
1305,CH,F,M,2,34577.700000,63.253333
987,CC,F,M,2,36647.900000,49.986667
1499,CC,F,M,2,36647.900000,49.986667
2011,CC,F,M,2,36647.900000,49.986667
2258,CC,F,M,2,36647.900000,49.986667
2527,CC,F,M,2,36647.900000,49.986667
2771,CC,F,M,2,36647.900000,49.986667
3035,CC,F,M,2,36647.900000,49.986667
3279,CC,F,M,2,36647.900000,49.986667
3523,CC,F,M,2,36647.900000,49.986667
3767,CC,F,M,2,36647.900000,49.986667
377,CH,F,M,2,36660.900000,39.960000
889,CH,F,M,2,36660.900000,39.960000
1401,CH,F,M,2,36660.900000,39.960000
1913,CH,F,M,2,36660.900000,39.960000
394,CH,F,M,2,36725.100000,55.793333
906,CH,F,M,2,36725.100000,55.793333
1418,CH,F,M,2,36725.100000,55.793333
1930,CH,F,M,2,36725.100000,55.793333
2191,CH,F,M,2,36725.100000,55.793333
2460,CH,F,M,2,36725.100000,55.793333
2704,CH,F,M,2,36725.100000,55.793333
2968,CH,F,M,2,36725.100000,55.793333
3212,CH,F,M,2,36725.100000,55.793333
3456,CH,F,M,2,36725.100000,55.793333
3700,CH,F,M,2,36725.100000,55.793333
513,CC,F,S,1,37000.000000,24.393333
1846,CH,F,S,0,37000.000000,22.433333
2239,CC,F,S,2,37000.000000,23.000000
2827,CC,F,S,1,37000.000000,24.393333
1863,CH,M,S,1,37626.000000,33.866667
2685,CH,M,S,1,37626.000000,33.866667
1,CC,F,S,1,38000.000000,24.393333
601,Auto,F,S,2,38280.000000,33.740000
1113,Auto,F,S,2,38280.000000,33.740000
1625,Auto,F,S,2,38280.000000,33.740000
2613,Auto,F,S,2,38280.000000,33.740000
96,CC,F,M,0,38538.400000,12.326667
608,CC,F,M,0,38538.400000,12.326667
1120,CC,F,M,0,38538.400000,12.326667
1632,CC,F,M,0,38538.400000,12.326667
1299,CC,F,M,1,38738.300000,60.000000
1979,Auto,F,S,2,39000.000000,22.000000
2505,CC,F,S,0,39000.000000,22.000000
74,CC,M,M,1,39229.100000,26.260000
586,CC,M,M,1,39229.100000,26.260000
1098,CC,M,M,1,39229.100000,26.260000
1610,CC,M,M,1,39229.100000,26.260000
255,CC,F,S,0,39461.000000,22.226667
954,CC,F,S,0,40120.000000,24.000000
956,Auto,F,S,0,40120.000000,20.000000
957,CC,F,S,2,40120.000000,22.000000
958,CC,F,S,1,40120.000000,21.000000
1447,CC,F,M,1,40120.000000,24.000000
1455,CC,F,S,0,40120.000000,24.000000
1463,CC,F,S,0,40120.000000,23.000000
309,CC,F,S,0,41000.000000,16.060000
1025,CC,F,S,1,41000.000000,24.393333
2494,CC,F,S,0,41000.000000,22.000000
3071,CC,F,S,1,41000.000000,24.393333
1545,CC,M,S,1,41690.500000,14.640000
3806,CC,M,S,1,41690.500000,14.640000
460,CC,F,M,2,41876.600000,44.093333
972,CC,F,M,2,41876.600000,44.093333
1484,CC,F,M,2,41876.600000,44.093333
583,CH,F,M,2,42031.800000,50.753333
1095,CH,F,M,2,42031.800000,50.753333
1607,CH,F,M,2,42031.800000,50.753333
2073,CH,F,M,2,42031.800000,50.753333
2317,CH,F,M,2,42031.800000,50.753333
2586,CH,F,M,2,42031.800000,50.753333
2850,CH,F,M,2,42031.800000,50.753333
3094,CH,F,M,2,42031.800000,50.753333
3338,CH,F,M,2,42031.800000,50.753333
3582,CH,F,M,2,42031.800000,50.753333
133,Auto,M,M,2,42750.300000,50.493333
645,Auto,M,M,2,42750.300000,50.493333
1157,Auto,M,M,2,42750.300000,50.493333
1669,Auto,M,M,2,42750.300000,50.493333
498,CC,F,S,0,42760.500000,46.000000
1010,CC,F,S,0,42760.500000,47.000000
1842,CH,F,S,0,43382.300000,16.073333
104,CC,M,S,2,43634.500000,21.780000
616,CC,M,S,2,43634.500000,21.780000
1128,CC,M,S,2,43634.500000,21.780000
1640,CC,M,S,2,43634.500000,21.780000
2078,CC,M,S,2,43634.500000,21.780000
2322,CC,M,S,2,43634.500000,21.780000
2347,CC,M,S,2,43634.500000,21.780000
2591,CC,M,S,2,43634.500000,21.780000
2855,CC,M,S,2,43634.500000,21.780000
3099,CC,M,S,2,43634.500000,21.780000
3343,CC,M,S,2,43634.500000,21.780000
3587,CC,M,S,2,43634.500000,21.780000
2599,CC,F,M,1,43894.500000,40.180000
2863,CC,F,M,1,43894.500000,40.180000
62,CC,F,M,2,45287.600000,29.026667
574,CC,F,M,2,45287.600000,29.026667
358,CC,F,M,2,47010.100000,57.406667
870,CC,F,M,2,47010.100000,57.406667
1382,CC,F,M,2,47010.100000,57.406667
1894,CC,F,M,2,47010.100000,57.406667
771,CC,M,M,1,47371.000000,54.960000
1283,CC,M,M,1,47371.000000,54.960000
2159,CC,M,M,1,47371.000000,54.960000
2428,CC,M,M,1,47371.000000,54.960000
2672,CC,M,M,1,47371.000000,54.960000
2936,CC,M,M,1,47371.000000,54.960000
3180,CC,M,M,1,47371.000000,54.960000
3424,CC,M,M,1,47371.000000,54.960000
3668,CC,M,M,1,47371.000000,54.960000
249,CC,M,M,2,47639.100000,48.000000
761,CC,M,M,2,47639.100000,41.000000
1273,CC,M,M,2,47639.100000,61.000000
1560,Auto,F,M,2,47902.000000,26.033333
2063,Auto,F,M,2,47902.000000,26.033333
2307,Auto,F,M,2,47902.000000,26.033333
2576,Auto,F,M,2,47902.000000,26.033333
2820,Auto,F,M,2,47902.000000,26.033333
2840,Auto,F,M,2,47902.000000,26.033333
3084,Auto,F,M,2,47902.000000,26.033333
3328,Auto,F,M,2,47902.000000,26.033333
3572,Auto,F,M,2,47902.000000,26.033333
203,CC,F,M,2,48238.800000,34.706667
715,CC,F,M,2,48238.800000,34.706667
1227,CC,F,M,2,48238.800000,34.706667
1739,CC,F,M,2,48238.800000,34.706667
343,CC,F,M,2,48322.500000,49.333333
855,CC,F,M,2,48322.500000,49.333333
1367,CC,F,M,2,48322.500000,49.333333
936,CH,F,M,2,49745.300000,47.966667
1448,CH,F,M,2,49745.300000,47.966667
1960,CH,F,M,2,49745.300000,47.966667
2218,CH,F,M,2,49745.300000,47.966667
2487,CH,F,M,2,49745.300000,47.966667
2731,CH,F,M,2,49745.300000,47.966667
2995,CH,F,M,2,49745.300000,47.966667
3239,CH,F,M,2,49745.300000,47.966667
3483,CH,F,M,2,49745.300000,47.966667
3727,CH,F,M,2,49745.300000,47.966667
178,CC,M,M,2,49910.700000,51.520000
690,CC,M,M,2,49910.700000,51.520000
1202,CC,M,M,2,49910.700000,51.520000
1714,CC,M,M,2,49910.700000,51.520000
2122,CC,M,M,2,49910.700000,51.520000
2391,CC,M,M,2,49910.700000,51.520000
1334,CH,F,S,0,38000.000000,22.433333
2225,CC,F,S,0,38000.000000,24.000000
2807,CC,F,S,1,38000.000000,24.393333
3012,CC,F,S,0,38000.000000,24.000000
422,Auto,F,M,2,38215.900000,30.886667
934,Auto,F,M,2,38215.900000,30.886667
1446,Auto,F,M,2,38215.900000,30.886667
1958,Auto,F,M,2,38215.900000,30.886667
2216,Auto,F,M,2,38215.900000,30.886667
2485,Auto,F,M,2,38215.900000,30.886667
2729,Auto,F,M,2,38215.900000,30.886667
2993,Auto,F,M,2,38215.900000,30.886667
3237,Auto,F,M,2,38215.900000,30.886667
3481,Auto,F,M,2,38215.900000,30.886667
3725,Auto,F,M,2,38215.900000,30.886667
89,Auto,F,S,2,38280.000000,33.740000
767,CC,F,S,0,39461.000000,22.226667
1279,CC,F,S,0,39461.000000,22.226667
1791,CC,F,S,0,39461.000000,22.226667
2158,CC,F,S,0,39461.000000,22.226667
2427,CC,F,S,0,39461.000000,22.226667
2671,CC,F,S,0,39461.000000,22.226667
2935,CC,F,S,0,39461.000000,22.226667
3179,CC,F,S,0,39461.000000,22.226667
3423,CC,F,S,0,39461.000000,22.226667
3667,CC,F,S,0,39461.000000,22.226667
442,CC,F,S,0,40000.000000,20.000000
446,CC,F,S,1,40120.000000,24.000000
943,CC,F,S,0,40120.000000,22.000000
951,CC,F,D,0,40120.000000,21.000000
952,Auto,F,M,1,40120.000000,22.000000
953,CC,F,S,0,40120.000000,24.000000
1996,CC,F,M,2,41876.600000,44.093333
955,Auto,F,S,2,42000.000000,23.000000
1333,CC,F,S,0,42000.000000,16.060000
1466,CC,F,S,0,42000.000000,22.000000
1469,CC,F,S,2,42000.000000,18.000000
1537,CC,F,S,1,42000.000000,24.393333
1981,CC,F,S,2,42000.000000,19.000000
2235,CC,F,S,0,42000.000000,24.000000
2237,Auto,F,S,2,42000.000000,22.000000
2504,CC,F,S,0,42000.000000,21.000000
2506,Auto,F,S,2,42000.000000,20.000000
2747,Auto,F,M,1,42000.000000,24.000000
2749,CC,F,S,0,42000.000000,23.000000
3014,Auto,F,S,2,42000.000000,22.000000
3315,CC,F,S,1,42000.000000,24.393333
71,CH,F,M,2,42031.800000,50.753333
1522,CC,F,S,0,42760.500000,52.646667
2034,CC,F,S,0,42760.500000,52.000000
2280,CC,F,S,0,42760.500000,42.000000
2549,CC,F,S,0,42760.500000,48.000000
2793,CC,F,S,0,42760.500000,62.000000
3057,CC,F,S,0,42760.500000,43.000000
3301,CC,F,S,0,42760.500000,46.000000
3545,CC,F,S,0,42760.500000,61.000000
3789,CC,F,S,0,42760.500000,48.000000
1467,Auto,F,S,2,43000.000000,20.000000
2236,CC,F,S,0,43000.000000,21.000000
2748,CC,F,S,0,43000.000000,24.000000
3016,CC,F,S,2,43000.000000,23.000000
306,CH,F,S,0,43382.300000,16.073333
818,CH,F,S,0,43382.300000,16.073333
1330,CH,F,S,0,43382.300000,16.073333
1086,CC,F,M,2,45287.600000,29.026667
1598,CC,F,M,2,45287.600000,29.026667
92,CH,F,M,2,45429.700000,61.713333
604,CH,F,M,2,45429.700000,61.713333
1116,CH,F,M,2,45429.700000,61.713333
1628,CH,F,M,2,45429.700000,61.713333
3679,CH,M,M,2,45429.700000,61.713333
3687,CH,M,M,2,45429.700000,61.713333
3699,CH,M,M,2,45429.700000,61.713333
3708,CH,M,M,2,45429.700000,61.713333
3716,CH,M,M,2,45429.700000,61.713333
3721,CH,M,M,2,45429.700000,61.713333
1079,CC,F,S,0,45612.900000,14.300000
1591,CC,F,S,0,45612.900000,14.300000
2609,Auto,F,M,1,46513.500000,30.053333
1275,CC,F,S,2,46945.000000,65.000000
1785,CC,M,M,2,47639.100000,43.000000
2155,CC,M,M,2,47639.100000,48.000000
2424,CC,M,M,2,47639.100000,41.000000
2668,CC,F,M,2,47639.100000,61.000000
2932,CC,F,M,2,47639.100000,42.000000
3176,CC,F,M,2,47639.100000,48.000000
3420,CC,F,M,2,47639.100000,41.000000
3664,CC,F,M,2,47639.100000,61.000000
138,CC,M,M,0,47870.800000,27.260000
650,CC,M,M,0,47870.800000,27.260000
1162,CC,M,M,0,47870.800000,27.260000
1674,CC,M,M,0,47870.800000,27.260000
2101,CC,M,M,0,47870.800000,27.260000
24,Auto,F,M,2,47902.000000,26.033333
536,Auto,F,M,2,47902.000000,26.033333
1048,Auto,F,M,2,47902.000000,26.033333
1879,CC,F,M,2,48322.500000,49.333333
499,Auto,F,S,1,49072.000000,47.000000
1011,Auto,F,S,1,49072.000000,48.000000
1523,Auto,F,S,1,49072.000000,62.000000
2035,Auto,F,S,1,49072.000000,42.000000
2281,Auto,F,S,1,49072.000000,43.000000
2550,Auto,F,S,1,49072.000000,52.646667
2794,Auto,F,S,1,49072.000000,41.000000
3058,Auto,F,S,1,49072.000000,46.000000
3302,Auto,F,S,1,49072.000000,70.000000
3546,Auto,F,S,1,49072.000000,55.000000
3790,Auto,F,S,1,49072.000000,52.646667
2853,CC,F,M,1,49453.800000,55.073333
1321,CC,F,S,1,49553.900000,48.000000
424,CH,F,M,2,49745.300000,47.966667
2635,CC,M,M,2,49910.700000,51.520000
2899,CC,M,M,2,49910.700000,51.520000
3143,CC,M,M,2,49910.700000,51.520000
3387,CC,M,M,2,49910.700000,51.520000
3631,CC,M,M,2,49910.700000,51.520000
234,CH,F,M,2,50561.300000,52.000000
746,CH,F,M,2,50561.300000,46.000000
1258,CH,F,M,2,50561.300000,62.000000
1770,CH,F,M,2,50561.300000,46.000000
320,Auto,F,M,2,50622.300000,40.460000
832,Auto,F,M,2,50622.300000,40.460000
1344,Auto,F,M,2,50622.300000,40.460000
1856,Auto,F,M,2,50622.300000,40.460000
2857,CC,F,M,1,50735.100000,36.253333
14,CH,F,M,2,52004.800000,25.140000
526,CH,F,M,2,52004.800000,25.140000
1038,CH,F,M,2,52004.800000,25.140000
1550,CH,F,M,2,52004.800000,25.140000
3811,CH,F,M,2,52004.800000,25.140000
1292,CC,F,M,0,52089.600000,48.000000
2858,CC,F,M,1,52490.100000,19.193333
260,CH,F,M,2,52957.000000,39.746667
772,CH,F,M,2,52957.000000,39.746667
1284,CH,F,M,2,52957.000000,39.746667
1796,CH,F,M,2,52957.000000,39.746667
17,CC,M,M,2,53010.800000,18.840000
529,CC,M,M,2,53010.800000,18.840000
1041,CC,M,M,2,53010.800000,18.840000
1553,CC,M,M,2,53010.800000,18.840000
2056,CC,M,M,2,53010.800000,18.840000
2300,CC,M,M,2,53010.800000,18.840000
2569,CC,M,M,2,53010.800000,18.840000
3538,CC,F,M,0,55221.000000,46.000000
3782,CC,F,M,0,55221.000000,46.000000
181,CC,F,M,2,55860.000000,14.573333
693,CC,F,M,2,55860.000000,14.573333
1205,CC,F,M,2,55860.000000,14.573333
1717,CC,F,M,2,55860.000000,14.573333
2124,CC,F,M,2,55860.000000,14.573333
2393,CC,F,M,2,55860.000000,14.573333
2637,CC,F,M,2,55860.000000,14.573333
2901,CC,F,M,2,55860.000000,14.573333
3145,CC,F,M,2,55860.000000,14.573333
3389,CC,F,M,2,55860.000000,14.573333
3633,CC,F,M,2,55860.000000,14.573333
510,CH,F,M,2,56187.000000,42.000000
1022,CH,F,M,2,56187.000000,43.000000
565,CH,F,M,1,57063.000000,52.333333
1077,CH,F,M,1,57063.000000,52.333333
1589,CH,F,M,1,57063.000000,52.333333
1323,CC,F,M,0,57255.400000,27.000000
190,CC,M,M,2,57360.800000,53.253333
702,CC,M,M,2,57360.800000,53.253333
1214,CC,M,M,2,57360.800000,53.253333
1726,CC,M,M,2,57360.800000,53.253333
2131,CC,M,M,2,57360.800000,53.253333
2400,CC,M,M,2,57360.800000,53.253333
2644,CC,M,M,2,57360.800000,53.253333
2908,CC,M,M,2,57360.800000,53.253333
3152,CC,M,M,2,57360.800000,53.253333
3396,CC,M,M,2,57360.800000,53.253333
3640,CC,M,M,2,57360.800000,53.253333
246,Auto,F,S,2,57420.000000,61.000000
2699,CH,F,M,2,57483.900000,44.026667
2963,CH,F,M,2,57483.900000,44.026667
3207,CH,F,M,2,57483.900000,44.026667
3451,CH,F,M,2,57483.900000,44.026667
3695,CH,F,M,2,57483.900000,44.026667
22,CC,M,S,1,57626.900000,43.906667
534,CC,M,S,1,57626.900000,43.906667
1046,CC,M,S,1,57626.900000,43.906667
1558,CC,M,S,1,57626.900000,43.906667
2061,CC,M,S,1,57626.900000,43.906667
2305,CC,M,S,1,57626.900000,43.906667
2574,CC,M,S,1,57626.900000,43.906667
2818,CC,M,S,1,57626.900000,43.906667
2838,CC,M,S,1,57626.900000,43.906667
3082,CC,M,S,1,57626.900000,43.906667
3326,CC,M,S,1,57626.900000,43.906667
3706,CC,M,M,2,59613.100000,34.320000
3715,CC,M,M,2,59613.100000,34.320000
3719,CC,M,M,2,59613.100000,34.320000
3728,CC,M,M,2,59613.100000,34.320000
313,CC,F,M,2,59691.300000,38.040000
825,CC,F,M,2,59691.300000,38.040000
1337,CC,F,M,2,59691.300000,38.040000
1849,CC,F,M,2,59691.300000,38.040000
2168,CC,F,M,2,59691.300000,38.040000
2437,CC,F,M,2,59691.300000,38.040000
2681,CC,F,M,2,59691.300000,38.040000
2945,CC,F,M,2,59691.300000,38.040000
3189,CC,F,M,2,59691.300000,38.040000
3433,CC,F,M,2,59691.300000,38.040000
3677,CC,F,M,2,59691.300000,38.040000
365,Auto,M,S,2,60095.200000,23.313333
1144,Auto,F,M,2,62061.800000,45.920000
1656,Auto,F,M,2,62061.800000,45.920000
2093,Auto,F,M,2,62061.800000,45.920000
2337,Auto,F,M,2,62061.800000,45.920000
2362,Auto,F,M,2,62061.800000,45.920000
2606,Auto,F,M,2,62061.800000,45.920000
2870,Auto,F,M,2,62061.800000,45.920000
3114,Auto,F,M,2,62061.800000,45.920000
3358,Auto,F,M,2,62061.800000,45.920000
3602,Auto,F,M,2,62061.800000,45.920000
466,CC,M,S,0,62705.900000,32.000000
978,CC,M,S,0,62705.900000,39.000000
1490,CC,M,S,0,62705.900000,33.000000
2002,CC,M,S,0,62705.900000,38.000000
2254,CC,M,S,0,62705.900000,33.000000
250,CH,F,M,2,63234.500000,52.360000
762,CH,F,M,2,63234.500000,52.360000
1274,CH,F,M,2,63234.500000,52.360000
1786,CH,F,M,2,63234.500000,52.360000
174,CC,M,M,1,63437.300000,63.653333
686,CC,M,M,1,63437.300000,63.653333
1198,CC,M,M,1,63437.300000,63.653333
1710,CC,M,M,1,63437.300000,63.653333
267,CH,F,M,2,63566.100000,56.300000
779,CH,F,M,2,63566.100000,56.300000
1291,CH,F,M,2,63566.100000,56.300000
1803,CH,F,M,2,63566.100000,56.300000
383,Auto,F,M,2,63670.800000,46.146667
895,Auto,F,M,2,63670.800000,46.146667
1407,Auto,F,M,2,63670.800000,46.146667
1919,Auto,M,M,1,63670.800000,46.146667
3524,CH,F,S,0,64319.200000,41.226667
3768,CH,F,S,0,64319.200000,41.226667
2605,CC,F,S,0,64335.000000,19.066667
166,CH,M,M,1,64792.300000,52.146667
678,CH,M,M,1,64792.300000,52.146667
1190,CH,M,M,1,64792.300000,52.146667
1702,CH,M,M,1,64792.300000,52.146667
2117,CH,M,M,1,64792.300000,52.146667
2386,CH,M,M,1,64792.300000,52.146667
2630,CH,M,M,1,64792.300000,52.146667
2894,CH,M,M,1,64792.300000,52.146667
3138,CH,M,M,1,64792.300000,52.146667
3382,CH,M,M,1,64792.300000,52.146667
3626,CH,M,M,1,64792.300000,52.146667
455,CC,F,M,2,64816.600000,31.126667
967,CC,F,M,2,64816.600000,31.126667
2813,CC,M,M,2,53010.800000,18.840000
2833,CC,M,M,2,53010.800000,18.840000
3077,CC,M,M,2,53010.800000,18.840000
3321,CC,M,M,2,53010.800000,18.840000
3565,CC,M,M,2,53010.800000,18.840000
1311,CH,F,M,0,53432.200000,57.000000
1302,CC,F,M,0,55000.000000,48.373333
491,CC,F,M,0,55221.000000,42.000000
1003,CC,F,M,0,55221.000000,43.000000
1515,CC,F,M,0,55221.000000,47.000000
2027,CC,F,M,0,55221.000000,61.000000
2273,CC,F,M,0,55221.000000,55.000000
2542,CC,F,M,0,55221.000000,46.000000
2786,CC,F,M,0,55221.000000,48.000000
3050,CC,F,M,0,55221.000000,62.000000
3294,CC,F,M,0,55221.000000,41.000000
1534,CH,F,M,2,56187.000000,55.000000
2046,CH,F,M,2,56187.000000,46.000000
2291,CH,F,M,2,56187.000000,48.000000
2560,CH,F,M,2,56187.000000,43.000000
2804,CH,F,M,2,56187.000000,52.646667
3068,CH,F,M,2,56187.000000,43.000000
3312,CH,F,M,2,56187.000000,41.000000
3556,CH,F,M,2,56187.000000,43.000000
3800,CH,F,M,2,56187.000000,43.000000
329,CC,F,M,1,56722.800000,60.593333
841,CC,F,M,1,56722.800000,60.593333
1301,CC,F,M,1,56722.800000,60.593333
1353,CC,F,M,1,56722.800000,60.593333
1865,CC,F,M,1,56722.800000,60.593333
2618,CC,F,M,1,56722.800000,60.593333
53,CH,F,M,1,57063.000000,52.333333
758,Auto,F,S,2,57420.000000,55.000000
1270,Auto,F,S,2,57420.000000,42.000000
1782,Auto,F,S,2,57420.000000,43.000000
2153,Auto,F,S,2,57420.000000,46.000000
2422,Auto,F,S,2,57420.000000,52.000000
2666,Auto,F,S,2,57420.000000,43.000000
2930,Auto,F,S,2,57420.000000,47.000000
3174,Auto,F,S,2,57420.000000,48.000000
3418,Auto,F,S,2,57420.000000,62.000000
3662,Auto,F,S,2,57420.000000,52.000000
389,CH,F,M,2,57483.900000,44.026667
901,CH,F,M,2,57483.900000,44.026667
1413,CH,F,M,2,57483.900000,44.026667
1925,CH,F,M,2,57483.900000,44.026667
2186,CH,F,M,2,57483.900000,44.026667
2455,CH,F,M,2,57483.900000,44.026667
3570,CC,M,S,1,57626.900000,43.906667
1286,CH,F,M,0,57942.400000,50.313333
1293,CC,F,S,1,58328.800000,65.000000
2667,CH,M,M,0,58986.200000,26.980000
2931,CH,M,M,0,58986.200000,26.980000
472,CC,F,M,0,59008.400000,30.180000
984,CC,F,M,0,59008.400000,30.180000
1496,CC,F,M,0,59008.400000,30.180000
2008,CC,F,M,0,59008.400000,30.180000
63,CC,F,M,2,59613.100000,34.320000
575,CC,F,M,2,59613.100000,34.320000
1087,CC,F,M,2,59613.100000,34.320000
1599,CC,F,M,2,59613.100000,34.320000
3675,CC,M,M,2,59613.100000,34.320000
3686,CC,M,M,2,59613.100000,34.320000
3696,CC,M,M,2,59613.100000,34.320000
2181,Auto,M,S,2,60095.200000,23.313333
3690,Auto,M,S,2,60095.200000,23.313333
421,CH,M,M,0,60101.100000,63.766667
933,CH,M,M,0,60101.100000,63.766667
1445,CH,M,M,0,60101.100000,63.766667
1957,CH,M,M,0,60101.100000,63.766667
192,CH,M,M,1,60102.700000,42.140000
704,CH,M,M,1,60102.700000,42.140000
1216,CH,M,M,0,60102.700000,42.140000
1728,CH,M,M,0,60102.700000,42.140000
276,Auto,F,M,2,60485.500000,41.666667
788,Auto,F,M,2,60485.500000,41.666667
1300,Auto,F,M,2,60485.500000,41.666667
1812,Auto,F,M,2,60485.500000,41.666667
120,Auto,F,M,2,62061.800000,45.920000
632,Auto,F,M,2,62061.800000,45.920000
1320,Auto,M,M,0,62724.500000,55.000000
290,CH,M,M,0,62797.900000,54.446667
802,CH,M,S,1,62797.900000,32.000000
1314,CH,M,M,0,62797.900000,54.446667
1826,CH,M,M,1,62797.900000,54.446667
495,CC,M,S,2,63152.600000,63.173333
1007,CC,M,S,2,63152.600000,63.173333
1519,CC,M,S,2,63152.600000,63.173333
2031,CC,M,S,2,63152.600000,63.173333
2277,CC,M,S,2,63152.600000,63.173333
2546,CC,M,S,2,63152.600000,63.173333
2790,CC,M,S,2,63152.600000,63.173333
3054,CC,M,S,2,63152.600000,63.173333
3298,CC,M,S,2,63152.600000,63.173333
3542,CC,M,S,2,63152.600000,63.173333
3786,CC,M,S,2,63152.600000,63.173333
1677,CC,M,M,1,63900.900000,28.333333
2372,CC,M,M,1,63900.900000,28.333333
2616,CC,M,M,1,63900.900000,28.333333
90,CC,M,S,0,64136.600000,61.106667
602,CC,M,S,0,64136.600000,61.106667
1114,CC,M,S,0,64136.600000,61.106667
1626,CC,M,S,0,64136.600000,61.106667
476,CH,F,S,0,64319.200000,41.226667
988,CH,F,S,0,64319.200000,41.226667
1500,CH,F,S,0,64319.200000,41.226667
2012,CH,F,S,0,64319.200000,41.226667
2259,CH,F,S,0,64319.200000,41.226667
2528,CH,F,S,0,64319.200000,41.226667
2772,CH,F,S,0,64319.200000,41.226667
3036,CH,F,S,0,64319.200000,41.226667
3280,CH,F,S,0,64319.200000,41.226667
1479,CC,F,M,2,64816.600000,31.126667
1991,CC,F,M,2,64816.600000,31.126667
2247,CC,F,M,2,64816.600000,31.126667
2516,CC,F,M,2,64816.600000,31.126667
2760,CC,F,M,2,64816.600000,31.126667
3024,CC,F,M,2,64816.600000,31.126667
3268,CC,F,M,2,64816.600000,31.126667
3512,CC,F,M,2,64816.600000,31.126667
3756,CC,F,M,2,64816.600000,31.126667
469,CC,F,M,2,64977.400000,38.193333
981,CC,F,M,2,64977.400000,38.193333
1493,CC,F,M,2,64977.400000,38.193333
2005,CC,F,M,2,64977.400000,38.193333
154,Auto,M,S,0,65000.000000,45.653333
838,CH,M,M,0,65000.000000,52.266667
1178,Auto,M,S,0,65000.000000,52.266667
1597,CH,M,S,2,65000.000000,45.000000
239,CC,M,M,1,65619.700000,46.000000
751,CC,M,M,0,65619.700000,52.646667
1263,CC,M,M,0,65619.700000,46.000000
1775,CC,M,M,0,65619.700000,52.000000
2147,CC,M,M,0,65619.700000,46.000000
2416,CC,M,M,1,65619.700000,52.646667
2660,CC,M,M,0,65619.700000,46.000000
2924,CC,F,M,2,65619.700000,55.000000
3168,CC,F,M,2,65619.700000,46.000000
3412,CC,F,M,2,65619.700000,52.646667
3656,CC,F,M,2,65619.700000,46.000000
233,Auto,F,M,1,66000.000000,63.353333
385,Auto,F,S,1,66000.000000,45.486667
1281,Auto,F,S,1,66000.000000,52.000000
2154,CH,M,M,0,66000.000000,46.000000
2663,CC,F,M,1,66921.400000,55.000000
2927,CC,F,M,1,66921.400000,42.000000
3171,CC,F,M,1,66921.400000,43.000000
3415,CC,F,M,1,66921.400000,47.000000
3659,CC,F,M,1,66921.400000,70.000000
438,CC,M,M,1,66931.900000,63.933333
950,CC,M,M,1,66931.900000,63.933333
1462,CC,M,M,1,66931.900000,63.933333
1974,CC,M,M,1,66931.900000,63.933333
2232,CC,M,M,1,66931.900000,63.933333
2501,CC,M,M,1,66931.900000,63.933333
2745,CC,M,M,1,66931.900000,63.933333
3009,CC,M,M,1,66931.900000,63.933333
3253,CC,M,M,1,66931.900000,63.933333
3497,CC,M,M,1,66931.900000,63.933333
3741,CC,M,M,1,66931.900000,63.933333
3703,CC,M,M,0,67388.000000,53.120000
3709,CC,M,M,1,67388.000000,53.120000
3717,CC,M,M,0,67388.000000,53.120000
3722,CC,M,M,1,67388.000000,53.120000
257,Auto,F,S,1,68000.000000,60.000000
853,CH,M,S,0,68000.000000,49.000000
1257,Auto,F,M,1,68000.000000,44.000000
1758,CC,M,S,0,68000.000000,63.353333
1783,CC,M,M,0,68000.000000,49.000000
2917,Auto,F,M,0,68000.000000,45.486667
3175,CC,M,M,0,68000.000000,67.000000
75,Auto,F,S,0,68427.400000,42.393333
587,Auto,F,D,1,68427.400000,42.393333
1099,Auto,F,D,1,68427.400000,42.393333
1611,Auto,F,S,0,68427.400000,42.393333
379,CC,F,M,2,68462.800000,34.400000
3467,CH,F,M,2,69133.900000,26.833333
3711,CH,F,M,2,69133.900000,26.833333
463,CC,M,M,0,69168.400000,62.426667
975,CC,M,M,0,69168.400000,62.426667
1487,CC,M,M,0,69168.400000,62.426667
1999,CC,M,M,0,69168.400000,62.426667
224,CC,F,M,2,69343.300000,42.166667
736,CC,F,M,2,69343.300000,42.166667
1248,CC,F,M,2,69343.300000,42.166667
1760,CC,M,M,0,69343.300000,42.166667
97,CC,F,S,0,69350.500000,57.420000
609,CC,F,S,0,69350.500000,57.420000
361,CC,M,M,1,69406.700000,30.000000
873,CC,M,M,1,69406.700000,38.000000
1385,CC,M,M,1,69406.700000,46.826667
1897,CC,M,M,1,69406.700000,46.826667
291,CC,M,S,1,71329.900000,42.233333
803,CC,M,S,1,71329.900000,42.233333
1315,CC,M,S,1,71329.900000,42.233333
1827,CC,M,S,1,71329.900000,42.233333
504,CH,M,M,1,71472.900000,41.913333
1016,CH,M,M,1,71472.900000,41.913333
1528,CH,M,M,0,71472.900000,41.913333
2040,CH,M,M,1,71472.900000,41.913333
2285,CH,M,M,0,71472.900000,41.913333
2554,CH,M,M,1,71472.900000,41.913333
2798,CH,M,M,1,71472.900000,41.913333
3062,CH,M,M,0,71472.900000,41.913333
3306,CH,M,M,0,71472.900000,41.913333
3550,CH,M,M,1,71472.900000,41.913333
3794,CH,M,M,0,71472.900000,41.913333
1280,CC,F,M,1,71502.500000,57.000000
1277,CC,F,M,0,71816.100000,60.000000
1406,CC,F,M,2,72841.300000,47.020000
1918,CC,F,M,2,72841.300000,47.020000
1171,CC,M,S,0,72928.200000,38.733333
2377,CC,M,S,0,72928.200000,38.733333
2621,CC,M,S,0,72928.200000,38.733333
1357,Auto,F,M,0,73069.100000,55.633333
1869,Auto,F,M,0,73069.100000,55.633333
160,Auto,F,S,0,73228.300000,62.000000
672,Auto,F,S,0,73228.300000,43.000000
1184,Auto,F,S,0,73228.300000,46.000000
1696,Auto,F,S,0,73228.300000,61.000000
2114,Auto,F,S,0,73228.300000,52.646667
2383,Auto,F,S,0,73228.300000,43.000000
2627,Auto,F,S,0,73228.300000,70.000000
2891,Auto,F,S,0,73228.300000,55.000000
3135,Auto,F,S,0,73228.300000,42.000000
1310,CH,M,M,0,73400.000000,53.213333
111,CC,M,S,0,74460.700000,55.340000
623,CC,M,S,0,74460.700000,55.340000
1135,CC,M,S,0,74460.700000,55.340000
1647,CC,M,S,0,74460.700000,55.340000
2085,CC,M,S,0,74460.700000,55.340000
2329,CC,M,S,0,74460.700000,55.340000
2354,CC,M,S,0,74460.700000,55.340000
2598,CC,M,S,0,74460.700000,55.340000
2862,CC,M,S,0,74460.700000,55.340000
3106,CC,M,S,0,74460.700000,55.340000
3350,CC,M,S,0,74460.700000,55.340000
3594,CC,M,S,0,74460.700000,55.340000
429,Auto,F,S,0,74530.800000,63.086667
941,Auto,F,S,0,74530.800000,63.086667
1453,Auto,F,S,0,74530.800000,63.086667
2814,CC,M,M,0,75004.500000,64.800000
2834,CC,M,M,1,75004.500000,64.800000
3078,CC,M,M,0,75004.500000,64.800000
3322,CC,M,M,2,75004.500000,64.800000
3566,CC,M,M,1,75004.500000,64.800000
2852,CC,F,S,1,75397.800000,57.660000
304,CC,M,M,1,75799.900000,46.380000
816,CC,M,M,1,75799.900000,46.380000
1328,CC,M,M,1,75799.900000,46.380000
1840,CC,M,M,1,75799.900000,46.380000
2608,CC,F,S,0,76142.000000,32.020000
180,CC,M,M,0,76161.400000,44.573333
692,CC,M,M,0,76161.400000,44.573333
1204,CC,M,M,1,76161.400000,44.573333
1716,CC,M,M,0,76161.400000,44.573333
2123,CC,M,M,1,76161.400000,44.573333
3419,CC,M,M,0,66000.000000,41.000000
80,Auto,F,S,2,66182.700000,62.480000
592,Auto,F,S,2,66182.700000,62.480000
1104,Auto,F,S,2,66182.700000,62.480000
1616,Auto,F,S,2,66182.700000,62.480000
222,CH,M,S,0,66666.000000,52.000000
759,CC,M,M,0,66666.000000,45.486667
795,Auto,F,M,0,66666.000000,67.000000
1408,CC,M,S,0,66666.000000,77.000000
2653,Auto,F,M,0,66666.000000,60.000000
242,CC,F,M,1,66921.400000,43.000000
754,CC,F,M,1,66921.400000,46.000000
1266,CC,F,M,1,66921.400000,61.000000
1778,CC,F,M,1,66921.400000,52.646667
2150,CC,F,M,1,66921.400000,62.000000
2419,CC,F,M,1,66921.400000,70.000000
360,Auto,F,S,1,67239.400000,44.433333
872,Auto,F,S,0,67239.400000,44.433333
1384,Auto,F,D,1,67239.400000,44.433333
1896,Auto,F,S,0,67239.400000,44.433333
302,CC,M,M,2,67339.800000,17.006667
814,CC,M,M,2,67339.800000,17.006667
1326,CC,M,M,2,67339.800000,17.006667
1838,CC,M,M,2,67339.800000,17.006667
52,CC,F,M,2,67388.000000,53.120000
564,CC,F,M,2,67388.000000,53.120000
1076,CC,F,M,2,67388.000000,53.120000
1588,CC,F,M,2,67388.000000,53.120000
3672,CC,F,M,2,67388.000000,53.120000
3680,CC,M,M,1,67388.000000,53.120000
3688,CC,M,M,1,67388.000000,53.120000
3701,CC,M,M,0,67388.000000,53.120000
891,CC,F,M,2,68462.800000,34.400000
1403,CC,F,M,2,68462.800000,34.400000
1915,CC,F,M,2,68462.800000,34.400000
2856,CC,F,S,0,68641.500000,47.980000
666,CC,M,S,0,69000.000000,52.266667
1690,CH,M,S,0,69000.000000,42.000000
1862,CH,M,M,0,69000.000000,52.266667
405,CH,F,M,2,69133.900000,26.833333
917,CH,F,M,2,69133.900000,26.833333
1429,CH,F,M,2,69133.900000,26.833333
1941,CH,F,M,2,69133.900000,26.833333
2202,CH,F,M,2,69133.900000,26.833333
2471,CH,F,M,2,69133.900000,26.833333
2715,CH,F,M,2,69133.900000,26.833333
2979,CH,F,M,2,69133.900000,26.833333
3223,CH,F,M,2,69133.900000,26.833333
350,CC,F,M,2,69486.800000,30.946667
862,CC,F,M,2,69486.800000,30.946667
1374,CC,F,M,2,69486.800000,30.946667
1886,CC,F,M,2,69486.800000,30.946667
215,CC,M,M,1,69680.900000,15.846667
1239,CC,M,M,1,69680.900000,15.846667
1751,CC,M,M,1,69680.900000,15.846667
745,Auto,F,M,1,70000.000000,67.000000
769,Auto,F,S,1,70000.000000,56.193333
1365,CH,M,S,0,70000.000000,48.000000
2423,CH,M,M,0,70000.000000,55.000000
3663,CC,M,M,0,70000.000000,42.000000
317,CC,M,M,0,70908.700000,49.620000
829,CC,M,M,1,70908.700000,49.620000
1341,CC,M,M,0,70908.700000,49.620000
1853,CC,M,M,1,70908.700000,49.620000
1324,CH,F,S,1,71941.500000,45.000000
497,CC,M,S,2,72084.700000,55.640000
1009,CC,M,S,2,72084.700000,55.640000
1521,CC,M,S,2,72084.700000,55.640000
2033,CC,M,S,2,72084.700000,55.640000
2279,CC,M,S,2,72084.700000,55.640000
2548,CC,M,S,2,72084.700000,55.640000
2792,CC,M,S,2,72084.700000,55.640000
3056,CC,M,S,2,72084.700000,55.640000
3300,CC,M,S,2,72084.700000,55.640000
3544,CC,M,S,2,72084.700000,55.640000
3788,CC,M,S,2,72084.700000,55.640000
1325,CH,F,S,2,72583.000000,22.000000
78,CH,F,M,0,72642.600000,27.646667
382,CC,F,M,2,72841.300000,47.020000
894,CC,F,M,2,72841.300000,47.020000
3379,Auto,F,S,0,73228.300000,43.000000
3623,Auto,F,S,0,73228.300000,43.000000
477,Auto,F,S,1,73338.000000,48.246667
989,Auto,F,S,1,73338.000000,48.246667
1501,Auto,F,S,1,73338.000000,48.246667
2013,Auto,F,S,1,73338.000000,48.246667
2260,Auto,F,S,1,73338.000000,48.246667
2529,Auto,F,S,1,73338.000000,48.246667
2773,Auto,F,S,1,73338.000000,48.246667
3037,Auto,F,S,1,73338.000000,48.246667
3281,Auto,F,S,1,73338.000000,48.246667
3525,Auto,F,S,1,73338.000000,48.246667
3769,Auto,F,S,1,73338.000000,48.246667
286,CH,M,M,0,73400.000000,64.226667
333,Auto,F,M,0,73400.000000,55.633333
846,CC,M,M,0,73400.000000,53.213333
1965,Auto,F,S,0,74530.800000,63.086667
2223,Auto,F,S,0,74530.800000,63.086667
2492,Auto,F,S,0,74530.800000,63.086667
2736,Auto,F,S,0,74530.800000,63.086667
3000,Auto,F,S,0,74530.800000,63.086667
3244,Auto,F,S,0,74530.800000,63.086667
3488,Auto,F,S,0,74530.800000,63.086667
3732,Auto,F,S,0,74530.800000,63.086667
18,CC,M,M,1,75004.500000,64.800000
530,CC,M,M,0,75004.500000,64.800000
1042,CC,M,M,0,75004.500000,64.800000
1554,CC,M,M,1,75004.500000,64.800000
2057,CC,M,M,1,75004.500000,64.800000
2301,CC,M,M,1,75004.500000,64.800000
2570,CC,M,M,0,75004.500000,64.800000
2392,CC,M,M,0,76161.400000,44.573333
2636,CC,M,M,1,76161.400000,44.573333
2900,CC,M,M,0,76161.400000,44.573333
3144,CC,M,M,0,76161.400000,44.573333
3388,CC,M,M,0,76161.400000,44.573333
3632,CC,M,M,1,76161.400000,44.573333
161,Auto,F,S,2,76231.900000,63.806667
673,Auto,F,S,2,76231.900000,63.806667
1185,Auto,F,S,2,76231.900000,63.806667
1697,Auto,F,S,2,76231.900000,63.806667
436,CC,F,M,2,76289.200000,48.206667
948,CC,F,M,2,76289.200000,48.206667
1460,CC,F,M,2,76289.200000,48.206667
1972,CC,F,M,2,76289.200000,48.206667
2230,CC,F,M,2,76289.200000,48.206667
2499,CC,F,M,2,76289.200000,48.206667
2743,CC,F,M,2,76289.200000,48.206667
3007,CC,F,M,2,76289.200000,48.206667
3251,CC,F,M,2,76289.200000,48.206667
3495,CC,F,M,2,76289.200000,48.206667
3739,CC,F,M,2,76289.200000,48.206667
372,CC,M,M,1,76511.300000,62.080000
884,CC,M,M,1,76511.300000,62.080000
1396,CC,M,M,1,76511.300000,62.080000
1908,CC,M,M,1,76511.300000,62.080000
280,CC,M,S,1,76529.800000,58.280000
792,CC,M,S,1,76529.800000,58.280000
1304,CC,M,S,1,76529.800000,58.280000
1816,CC,M,S,1,76529.800000,58.280000
209,CC,F,S,2,76791.200000,61.000000
721,CC,F,S,2,76791.200000,47.000000
1233,CC,F,S,2,76791.200000,43.000000
1468,Auto,F,D,1,77726.400000,56.720000
1980,Auto,F,S,0,77726.400000,56.720000
2238,Auto,F,S,0,77726.400000,56.720000
2507,Auto,F,D,1,77726.400000,56.720000
2751,Auto,F,S,0,77726.400000,56.720000
3015,Auto,F,D,1,77726.400000,56.720000
3259,Auto,F,S,0,77726.400000,56.720000
3503,Auto,F,S,0,77726.400000,56.720000
3747,Auto,F,S,0,77726.400000,56.720000
470,CH,F,M,0,77994.000000,50.553333
982,CH,F,M,0,77994.000000,50.553333
1494,CH,F,M,0,77994.000000,50.553333
2006,CH,F,M,0,77994.000000,50.553333
322,CC,M,M,0,78000.000000,52.266667
845,Auto,F,M,0,78000.000000,55.633333
1246,CC,M,S,0,78000.000000,46.000000
3724,Auto,M,S,1,78554.200000,16.700000
201,CC,M,M,0,78572.200000,42.346667
713,CC,M,M,0,78572.200000,42.346667
1225,CC,M,M,0,78572.200000,42.346667
1737,CC,M,M,0,78572.200000,42.346667
35,CC,F,S,0,78851.300000,48.373333
547,CC,F,S,0,78851.300000,48.373333
1059,CC,F,S,0,78851.300000,48.373333
1571,CC,F,S,0,78851.300000,48.373333
2620,CC,F,M,0,78851.300000,48.373333
3821,CC,F,S,0,78851.300000,48.373333
288,CH,M,M,0,78894.200000,28.000000
800,CH,M,M,0,78894.200000,52.740000
1312,CH,M,M,0,78894.200000,52.740000
1824,CH,M,M,0,78894.200000,34.000000
283,Auto,F,M,0,80000.000000,48.000000
2944,CC,F,M,2,80087.700000,41.920000
3188,CC,F,M,2,80087.700000,41.920000
3432,CC,F,M,2,80087.700000,41.920000
3676,CC,F,M,2,80087.700000,41.920000
467,Auto,M,S,0,80221.200000,29.026667
979,Auto,M,S,0,80221.200000,29.026667
1491,Auto,M,S,0,80221.200000,29.026667
2003,Auto,M,S,0,80221.200000,29.026667
2255,Auto,M,S,0,80221.200000,29.026667
88,CC,F,M,0,80405.100000,60.226667
1112,CC,F,M,0,80405.100000,60.226667
1335,CC,F,M,1,81641.200000,19.000000
561,CC,F,S,0,81710.900000,58.540000
1073,CC,F,S,0,81710.900000,58.540000
346,CC,F,M,2,81913.800000,49.660000
858,CC,F,M,2,81913.800000,49.660000
3694,Auto,F,M,1,82931.300000,64.640000
130,CC,F,S,2,83073.700000,39.553333
363,CC,F,M,2,83259.300000,50.880000
875,CC,F,M,2,83259.300000,50.880000
1387,CC,F,M,2,83259.300000,50.880000
1899,CC,F,M,2,83259.300000,50.880000
73,Auto,F,M,2,83284.100000,28.420000
585,Auto,F,M,2,83284.100000,28.420000
1097,Auto,F,M,2,83284.100000,28.420000
1609,Auto,F,M,2,83284.100000,28.420000
218,Auto,F,M,0,83287.000000,45.486667
338,Auto,F,S,0,83287.000000,77.000000
384,CC,M,S,0,83287.000000,45.486667
730,Auto,F,M,0,83287.000000,56.193333
737,Auto,F,M,0,83287.000000,44.000000
897,Auto,F,S,1,83287.000000,47.000000
2602,CC,F,M,0,83900.200000,45.040000
2866,CC,F,M,0,83900.200000,45.040000
54,CC,F,M,2,84166.100000,54.013333
566,CC,F,M,2,84166.100000,54.013333
1078,CC,F,M,2,84166.100000,54.013333
1590,CC,F,M,2,84166.100000,54.013333
3673,CC,F,M,2,84166.100000,54.013333
3681,CC,M,M,1,84166.100000,54.013333
3689,CC,M,M,0,84166.100000,54.013333
3702,CC,M,M,0,84166.100000,54.013333
3705,CC,M,D,1,84166.100000,33.000000
3712,CC,M,M,0,84166.100000,54.013333
3718,CC,M,M,0,84166.100000,54.013333
3723,CC,M,M,1,84166.100000,54.013333
468,CC,M,S,0,84479.200000,30.000000
980,CC,M,S,0,84479.200000,28.000000
3469,CH,F,M,2,84948.000000,29.446667
3713,CH,F,M,2,84948.000000,29.446667
474,CH,M,S,1,84978.100000,21.640000
986,CH,M,S,1,84978.100000,21.640000
1498,CH,M,S,1,84978.100000,21.640000
2010,CH,M,S,1,84978.100000,21.640000
2257,CH,M,S,1,84978.100000,21.640000
2526,CH,M,S,1,84978.100000,21.640000
2770,CH,M,S,1,84978.100000,21.640000
3034,CH,M,S,1,84978.100000,21.640000
3278,CH,M,S,1,84978.100000,21.640000
3522,CH,M,S,1,84978.100000,21.640000
3766,CH,M,S,1,84978.100000,21.640000
241,Auto,F,S,0,85275.000000,47.000000
753,Auto,F,S,0,85275.000000,62.000000
207,CC,F,M,2,86695.400000,13.906667
719,CC,F,M,2,86695.400000,13.906667
1231,CC,F,M,2,86695.400000,13.906667
1743,CC,F,M,2,86695.400000,13.906667
2136,CC,F,M,2,86695.400000,13.906667
2405,CC,F,M,2,86695.400000,13.906667
2649,CC,F,M,2,86695.400000,13.906667
2913,CC,F,M,2,86695.400000,13.906667
3157,CC,F,M,2,86695.400000,13.906667
3401,CC,F,M,2,86695.400000,13.906667
3645,CC,F,M,2,86695.400000,13.906667
261,Auto,F,S,2,86747.100000,64.853333
773,Auto,F,S,2,86747.100000,64.853333
1285,Auto,F,S,2,86747.100000,64.853333
1797,Auto,F,S,2,86747.100000,64.853333
263,Auto,F,M,1,87404.600000,63.186667
1745,CC,F,S,2,76791.200000,55.000000
225,Auto,F,M,0,77000.000000,55.000000
247,CH,M,M,0,77000.000000,44.000000
734,CC,M,S,0,77000.000000,63.353333
850,Auto,F,S,0,77000.000000,58.560000
1242,Auto,F,M,0,77000.000000,63.353333
1307,Auto,F,M,0,77000.000000,55.000000
1409,Auto,F,S,1,77000.000000,45.486667
2409,Auto,F,M,0,77000.000000,42.000000
2658,Auto,F,M,1,77000.000000,48.000000
3649,Auto,F,M,0,77000.000000,47.000000
85,CH,F,M,1,77129.100000,61.846667
95,CC,F,M,2,77551.100000,33.600000
607,CC,F,M,2,77551.100000,33.600000
1119,CC,F,M,2,77551.100000,33.600000
1631,CC,F,M,2,77551.100000,33.600000
1346,CH,M,M,0,78000.000000,50.000000
1350,CH,M,M,1,78000.000000,52.266667
1769,Auto,F,M,1,78000.000000,58.560000
3166,Auto,F,M,1,78000.000000,56.193333
857,Auto,M,S,2,78373.500000,35.346667
1369,Auto,M,S,2,78373.500000,35.346667
418,Auto,M,M,2,78554.200000,16.700000
930,Auto,M,S,1,78554.200000,16.700000
1442,Auto,M,M,2,78554.200000,16.700000
1954,Auto,M,S,0,78554.200000,16.700000
2215,Auto,M,M,2,78554.200000,16.700000
2484,Auto,M,S,0,78554.200000,16.700000
2728,Auto,M,M,2,78554.200000,16.700000
2992,Auto,M,M,2,78554.200000,16.700000
3236,Auto,M,M,2,78554.200000,16.700000
3480,Auto,M,M,2,78554.200000,16.700000
331,CC,M,M,1,80000.000000,53.213333
798,CH,M,M,0,80000.000000,53.213333
896,CC,M,S,0,80000.000000,41.000000
1271,CC,M,M,0,80000.000000,56.193333
1355,CC,M,M,1,80000.000000,39.000000
1358,CC,M,M,0,80000.000000,53.213333
1822,CH,M,M,0,80000.000000,45.000000
1870,CC,M,M,1,80000.000000,53.213333
2922,Auto,F,M,1,80000.000000,63.353333
312,CC,F,M,2,80087.700000,41.920000
824,CC,F,M,2,80087.700000,41.920000
1336,CC,F,M,2,80087.700000,41.920000
1848,CC,F,M,2,80087.700000,41.920000
2167,CC,F,M,2,80087.700000,41.920000
2436,CC,F,M,2,80087.700000,41.920000
2680,CC,F,M,2,80087.700000,41.920000
1370,CC,F,M,2,81913.800000,49.660000
1882,CC,F,M,2,81913.800000,49.660000
272,CC,F,M,2,82644.200000,33.493333
784,CC,F,M,2,82644.200000,33.493333
1296,CC,F,M,2,82644.200000,33.493333
1808,CC,F,M,2,82644.200000,33.493333
388,Auto,F,M,1,82931.300000,64.640000
900,Auto,F,M,1,82931.300000,64.640000
1412,Auto,F,M,1,82931.300000,64.640000
1924,Auto,F,M,1,82931.300000,64.640000
2185,Auto,F,M,1,82931.300000,64.640000
2454,Auto,F,M,1,82931.300000,64.640000
2698,Auto,F,M,1,82931.300000,64.640000
2962,Auto,F,M,1,82931.300000,64.640000
3206,Auto,F,M,1,82931.300000,64.640000
3450,Auto,F,M,1,82931.300000,64.640000
1249,Auto,F,M,0,83287.000000,42.000000
1362,Auto,F,S,0,83287.000000,60.000000
1754,Auto,F,M,0,83287.000000,67.000000
2140,Auto,F,M,0,83287.000000,41.000000
2145,Auto,F,M,1,83287.000000,47.000000
2414,Auto,F,M,1,83287.000000,52.000000
3161,Auto,F,M,0,83287.000000,44.000000
3405,Auto,F,M,0,83287.000000,58.560000
3410,Auto,F,M,1,83287.000000,49.000000
3654,Auto,F,M,1,83287.000000,46.000000
37,CH,F,M,0,83891.900000,61.020000
549,CH,F,M,0,83891.900000,61.020000
1061,CH,F,M,0,83891.900000,61.020000
1573,CH,F,M,0,83891.900000,61.020000
2623,CH,F,M,0,83891.900000,61.020000
3823,CH,F,M,0,83891.900000,61.020000
1492,CC,M,S,0,84479.200000,32.000000
2004,CC,M,S,0,84479.200000,39.000000
2256,CC,M,S,0,84479.200000,33.000000
81,CH,F,M,2,84789.300000,50.433333
593,CH,F,S,2,84789.300000,50.433333
1105,CH,F,M,2,84789.300000,50.433333
1617,CH,F,M,2,84789.300000,50.433333
407,CH,F,M,2,84948.000000,29.446667
919,CH,F,M,2,84948.000000,29.446667
1431,CH,F,M,2,84948.000000,29.446667
1943,CH,F,M,2,84948.000000,29.446667
2204,CH,F,M,2,84948.000000,29.446667
2473,CH,F,M,2,84948.000000,29.446667
2717,CH,F,M,2,84948.000000,29.446667
2981,CH,F,M,2,84948.000000,29.446667
3225,CH,F,M,2,84948.000000,29.446667
1265,Auto,F,D,1,85275.000000,70.000000
1777,Auto,F,S,0,85275.000000,42.000000
2149,Auto,F,S,0,85275.000000,47.000000
2418,Auto,F,S,0,85275.000000,62.000000
2662,Auto,F,S,0,85275.000000,70.000000
2926,Auto,F,D,1,85275.000000,52.000000
3170,Auto,F,S,0,85275.000000,47.000000
3414,Auto,F,D,1,85275.000000,62.000000
3658,Auto,F,S,0,85275.000000,70.000000
265,Auto,F,M,2,85394.000000,20.160000
777,Auto,F,M,2,85394.000000,20.160000
1289,Auto,F,M,2,85394.000000,20.160000
1801,Auto,F,M,2,85394.000000,20.160000
1298,CC,F,S,1,86252.800000,59.000000
341,CC,M,S,0,86448.200000,38.133333
775,Auto,F,M,1,87404.600000,63.186667
1287,Auto,F,M,1,87404.600000,63.186667
1799,Auto,F,M,1,87404.600000,63.186667
206,CC,F,M,2,87578.200000,53.366667
718,CC,F,M,2,87578.200000,53.366667
1230,CC,F,M,2,87578.200000,53.366667
1742,CC,F,M,2,87578.200000,53.366667
2135,CC,F,M,2,87578.200000,53.366667
2404,CC,F,M,2,87578.200000,53.366667
2648,CC,F,M,2,87578.200000,53.366667
2912,CC,F,M,2,87578.200000,53.366667
3156,CC,F,M,2,87578.200000,53.366667
3400,CC,F,M,2,87578.200000,53.366667
3644,CC,F,M,2,87578.200000,53.366667
426,CC,F,M,2,88427.000000,13.860000
938,CC,F,M,2,88427.000000,13.860000
1450,CC,F,M,2,88427.000000,13.860000
1962,CC,F,M,2,88427.000000,13.860000
2220,CC,F,M,2,88427.000000,13.860000
2489,CC,F,M,2,88427.000000,13.860000
2733,CC,F,M,2,88427.000000,13.860000
2997,CC,F,M,2,88427.000000,13.860000
3241,CC,F,M,2,88427.000000,13.860000
3485,CC,F,M,2,88427.000000,13.860000
3729,CC,F,M,2,88427.000000,13.860000
1327,CC,F,M,1,88759.500000,60.000000
428,CC,M,S,0,89142.700000,33.000000
940,CC,M,S,0,89142.700000,53.693333
1452,CC,M,S,0,89142.700000,53.693333
1964,CC,M,S,0,89142.700000,53.693333
2222,CC,M,S,0,89142.700000,53.693333
2491,CC,M,S,0,89142.700000,53.693333
3577,CC,M,S,2,89459.900000,53.280000
270,CC,F,S,0,89813.600000,12.846667
782,CC,F,S,0,89813.600000,12.846667
1294,CC,F,S,0,89813.600000,12.846667
1806,CC,F,S,0,89813.600000,12.846667
2429,CC,F,S,0,89813.600000,12.846667
2673,CC,F,S,0,89813.600000,12.846667
2937,CC,F,S,0,89813.600000,12.846667
3425,CC,F,S,0,89813.600000,12.846667
471,CC,M,M,2,90103.700000,34.946667
983,CC,M,M,2,90103.700000,34.946667
1495,CC,M,M,2,90103.700000,34.946667
2007,CC,M,M,2,90103.700000,34.946667
450,CC,F,M,2,90271.600000,44.926667
962,CC,F,M,2,90271.600000,44.926667
3066,Auto,M,S,0,90321.600000,38.000000
3310,Auto,M,S,0,90321.600000,39.000000
3554,CC,M,S,0,90321.600000,55.113333
3798,Auto,M,S,0,90321.600000,28.000000
509,CC,M,S,0,90478.600000,54.553333
1021,CC,M,D,1,90478.600000,54.553333
1533,CH,M,S,0,90478.600000,54.553333
2045,CC,M,D,1,90478.600000,54.553333
2290,CC,M,S,0,90478.600000,54.553333
2559,CH,M,S,0,90478.600000,54.553333
2803,CC,M,S,0,90478.600000,54.553333
3067,CC,M,S,1,90478.600000,54.553333
3311,CC,M,D,1,90478.600000,54.553333
3555,CH,M,S,1,90478.600000,54.553333
3799,CC,M,D,0,90478.600000,54.553333
148,CC,M,M,2,91272.200000,25.033333
1937,CC,F,M,2,91861.000000,41.980000
2198,CC,F,M,2,91861.000000,41.980000
2467,CC,F,M,2,91861.000000,41.980000
2711,CC,F,M,2,91861.000000,41.980000
2975,CC,F,M,2,91861.000000,41.980000
3219,CC,F,M,2,91861.000000,41.980000
3463,CC,F,M,2,91861.000000,41.980000
3707,CC,F,M,2,91861.000000,41.980000
354,CC,F,M,2,92103.800000,52.153333
866,CC,F,M,2,92103.800000,52.153333
1378,CC,F,M,2,92103.800000,52.153333
1890,CC,F,M,2,92103.800000,52.153333
464,CC,M,M,1,92148.500000,33.000000
976,CC,M,M,1,92148.500000,38.000000
1488,CC,M,M,1,92148.500000,33.000000
2000,CC,M,M,1,92148.500000,30.000000
109,CC,M,S,1,92647.500000,56.046667
621,CC,M,S,1,92647.500000,56.046667
1133,CC,M,S,1,92647.500000,56.046667
1645,CC,M,S,1,92647.500000,56.046667
2083,CC,M,S,1,92647.500000,56.046667
2327,CC,M,S,1,92647.500000,56.046667
2352,CC,M,S,1,92647.500000,56.046667
2596,CC,M,S,1,92647.500000,56.046667
2860,CC,M,S,1,92647.500000,56.046667
3104,CC,M,S,1,92647.500000,56.046667
3348,CC,M,S,1,92647.500000,56.046667
3592,CC,M,S,1,92647.500000,56.046667
1127,CC,M,M,0,92881.800000,21.380000
1639,CC,M,M,0,92881.800000,21.380000
2854,CC,M,M,0,92881.800000,21.380000
169,CH,F,S,0,93322.100000,40.313333
681,CH,F,S,0,93322.100000,40.313333
2952,Auto,F,S,0,93454.300000,48.533333
3196,Auto,F,S,0,93454.300000,48.533333
3440,Auto,F,S,1,93454.300000,48.533333
3684,Auto,F,D,1,93454.300000,48.533333
840,CC,F,S,2,93559.100000,57.620000
1352,CC,F,S,2,93559.100000,57.620000
2173,CC,F,S,2,93559.100000,57.620000
2442,CC,F,S,2,93559.100000,57.620000
3194,CC,F,S,2,93559.100000,57.620000
3438,CC,F,S,2,93559.100000,57.620000
3682,CC,F,S,2,93559.100000,57.620000
244,CC,F,M,2,94026.800000,27.746667
756,CC,F,M,2,94026.800000,27.746667
1268,CC,F,M,2,94026.800000,27.746667
1780,CC,F,M,2,94026.800000,27.746667
398,CC,M,S,1,94188.300000,57.546667
505,CC,F,M,0,95405.700000,42.000000
1017,CC,F,M,0,95405.700000,48.000000
1529,CC,F,M,0,95405.700000,43.000000
2041,CC,F,M,0,95405.700000,55.000000
2286,CC,F,M,0,95405.700000,46.000000
2555,CC,F,M,0,95405.700000,62.000000
2799,CC,F,M,0,95405.700000,70.000000
3063,CC,F,M,0,95405.700000,46.506667
3307,CC,M,M,0,95405.700000,46.506667
3551,CC,M,M,0,95405.700000,46.506667
3795,CC,M,M,0,95405.700000,46.506667
493,CH,M,M,1,95448.600000,53.680000
1005,CH,M,M,0,95448.600000,53.680000
1517,CH,M,M,0,95448.600000,53.680000
2029,CH,M,M,0,95448.600000,53.680000
2275,CH,M,M,1,95448.600000,53.680000
3657,CC,M,M,1,95620.300000,49.120000
506,CC,F,S,0,95786.800000,43.000000
1018,CC,F,S,0,95786.800000,52.646667
1530,CC,F,S,0,95786.800000,46.000000
2042,CC,F,S,0,95786.800000,52.000000
2287,CC,F,S,0,95786.800000,47.000000
2556,CC,F,S,0,95786.800000,41.000000
2800,CC,F,S,0,95786.800000,57.553333
3064,CC,F,S,0,95786.800000,57.553333
3308,CC,M,S,0,95786.800000,57.553333
3552,CC,M,S,0,95786.800000,57.553333
3796,CC,M,S,0,95786.800000,57.553333
461,CC,M,M,0,96223.400000,64.760000
973,CC,M,M,0,96223.400000,64.760000
1485,CC,M,M,0,96223.400000,64.760000
1997,CC,M,M,0,96223.400000,64.760000
2735,CC,M,S,0,89142.700000,32.000000
2999,CC,M,S,0,89142.700000,53.693333
3243,CC,M,S,0,89142.700000,53.693333
3487,CC,M,S,0,89142.700000,53.693333
3731,CC,M,S,0,89142.700000,53.693333
45,CC,M,S,2,89459.900000,53.280000
557,CC,M,S,2,89459.900000,53.280000
1069,CC,M,S,2,89459.900000,53.280000
1581,CC,M,S,2,89459.900000,53.280000
2068,CC,M,S,2,89459.900000,53.280000
2312,CC,M,S,2,89459.900000,53.280000
2581,CC,M,S,2,89459.900000,53.280000
2825,CC,M,S,2,89459.900000,53.280000
2845,CC,M,S,2,89459.900000,53.280000
3089,CC,M,S,2,89459.900000,53.280000
3333,CC,M,S,2,89459.900000,53.280000
1474,CC,F,M,2,90271.600000,44.926667
1986,CC,F,M,2,90271.600000,44.926667
2243,CC,F,M,2,90271.600000,44.926667
2512,CC,F,M,2,90271.600000,44.926667
2756,CC,F,M,2,90271.600000,44.926667
3020,CC,F,M,2,90271.600000,44.926667
3264,CC,F,M,2,90271.600000,44.926667
3508,CC,F,M,2,90271.600000,44.926667
3752,CC,F,M,2,90271.600000,44.926667
508,Auto,M,S,0,90321.600000,30.000000
1020,CC,M,S,0,90321.600000,55.113333
1532,CC,M,S,0,90321.600000,55.113333
2044,CH,M,S,0,90321.600000,55.113333
2289,CH,M,S,0,90321.600000,55.113333
2558,CC,M,S,0,90321.600000,55.113333
2802,CC,M,S,0,90321.600000,55.113333
660,CC,M,M,2,91272.200000,25.033333
1172,CC,M,M,2,91272.200000,25.033333
1684,CC,M,M,2,91272.200000,25.033333
2109,CC,M,M,2,91272.200000,25.033333
2378,CC,M,M,2,91272.200000,25.033333
2622,CC,M,M,2,91272.200000,25.033333
2886,CC,M,M,2,91272.200000,25.033333
3130,CC,M,M,2,91272.200000,25.033333
3374,CC,M,M,2,91272.200000,25.033333
3618,CC,M,M,2,91272.200000,25.033333
1316,CC,F,S,0,91498.900000,52.000000
2604,CH,F,M,0,91708.400000,37.293333
2868,CH,F,M,0,91708.400000,37.293333
401,CC,F,M,2,91861.000000,41.980000
913,CC,F,M,2,91861.000000,41.980000
1425,CC,F,M,2,91861.000000,41.980000
2252,CC,M,M,1,92148.500000,28.000000
191,CC,M,M,0,92414.700000,45.513333
703,CC,M,M,1,92414.700000,45.513333
1215,CC,M,M,0,92414.700000,45.513333
1727,CC,M,M,1,92414.700000,45.513333
2132,CC,M,M,0,92414.700000,45.513333
2401,CC,M,M,0,92414.700000,45.513333
2645,CC,M,M,1,92414.700000,45.513333
2909,CC,M,M,0,92414.700000,45.513333
3153,CC,M,M,1,92414.700000,45.513333
3397,CC,M,M,1,92414.700000,45.513333
3641,CC,M,M,0,92414.700000,45.513333
339,Auto,F,S,0,92564.100000,49.133333
851,Auto,F,S,0,92564.100000,49.133333
1363,Auto,F,S,0,92564.100000,49.133333
1875,Auto,F,S,0,92564.100000,49.133333
1193,CH,F,S,0,93322.100000,40.313333
1705,CH,F,S,0,93322.100000,40.313333
2119,CH,F,S,0,93322.100000,40.313333
2388,CH,F,S,0,93322.100000,40.313333
2632,CH,F,S,0,93322.100000,40.313333
2896,CH,F,S,0,93322.100000,40.313333
3140,CH,F,S,0,93322.100000,40.313333
3384,CH,F,S,0,93322.100000,40.313333
3628,CH,F,S,0,93322.100000,40.313333
336,Auto,F,S,1,93454.300000,48.533333
848,Auto,F,D,1,93454.300000,48.533333
1360,Auto,F,S,0,93454.300000,48.533333
1872,Auto,F,D,1,93454.300000,48.533333
2175,Auto,F,S,0,93454.300000,48.533333
2444,Auto,F,D,1,93454.300000,48.533333
2688,Auto,F,S,0,93454.300000,48.533333
910,CC,M,S,1,94188.300000,57.546667
1422,CC,M,S,1,94188.300000,57.546667
1934,CC,M,S,1,94188.300000,57.546667
2195,CC,M,S,1,94188.300000,57.546667
2464,CC,M,S,1,94188.300000,57.546667
2708,CC,M,S,1,94188.300000,57.546667
2972,CC,M,S,1,94188.300000,57.546667
3216,CC,M,S,1,94188.300000,57.546667
3460,CC,M,S,1,94188.300000,57.546667
3704,CC,M,S,1,94188.300000,57.546667
2601,CC,F,S,1,94278.700000,53.120000
2865,CC,F,S,1,94278.700000,53.120000
318,CH,M,S,0,94928.300000,40.180000
830,CC,M,S,0,94928.300000,40.180000
1342,CC,M,S,0,94928.300000,40.180000
1854,CH,M,S,0,94928.300000,40.180000
1282,CC,F,M,1,95011.500000,52.000000
2544,CH,M,M,0,95448.600000,53.680000
2788,CH,M,M,0,95448.600000,53.680000
3052,CH,M,M,0,95448.600000,53.680000
3296,CH,M,M,1,95448.600000,53.680000
3540,CH,M,M,1,95448.600000,53.680000
3784,CH,M,M,1,95448.600000,53.680000
240,CC,F,M,1,95620.300000,52.000000
752,CC,F,M,1,95620.300000,47.000000
1264,CC,F,M,1,95620.300000,41.000000
1776,CC,F,M,1,95620.300000,61.000000
2148,CC,F,M,1,95620.300000,43.000000
2417,CC,F,M,1,95620.300000,52.646667
2661,CC,F,M,1,95620.300000,46.000000
2925,CC,F,M,1,95620.300000,49.120000
3169,CC,M,M,1,95620.300000,49.120000
3413,CC,M,M,1,95620.300000,49.120000
465,CC,M,M,0,96681.000000,19.760000
977,CC,M,M,0,96681.000000,19.760000
1489,CC,M,M,0,96681.000000,19.760000
2001,CC,M,M,0,96681.000000,19.760000
2253,CC,M,M,0,96681.000000,19.760000
87,CC,M,M,1,97180.400000,50.600000
599,CH,M,M,1,97180.400000,50.600000
1111,CC,M,M,1,97180.400000,50.600000
1623,Auto,M,M,1,97180.400000,33.000000
2851,CC,F,S,1,97689.200000,59.073333
427,CC,F,M,2,98003.700000,26.273333
939,CC,F,M,2,98003.700000,26.273333
1451,CC,F,M,2,98003.700000,26.273333
1963,CC,F,M,2,98003.700000,26.273333
2221,CC,F,M,2,98003.700000,26.273333
2490,CC,F,M,2,98003.700000,26.273333
2734,CC,F,M,2,98003.700000,26.273333
2998,CC,F,M,2,98003.700000,26.273333
3242,CC,F,M,2,98003.700000,26.273333
3486,CC,F,M,2,98003.700000,26.273333
3730,CC,F,M,2,98003.700000,26.273333
285,Auto,F,M,0,98056.300000,55.966667
797,Auto,F,M,0,98056.300000,55.966667
1309,Auto,F,M,0,98056.300000,55.966667
1821,Auto,F,M,0,98056.300000,55.966667
456,CC,F,M,2,98217.100000,44.980000
968,CC,F,M,2,98217.100000,44.980000
1480,CC,F,M,2,98217.100000,44.980000
1992,CC,F,M,2,98217.100000,44.980000
2248,CC,F,M,2,98217.100000,44.980000
2517,CC,F,M,2,98217.100000,44.980000
2761,CC,F,M,2,98217.100000,44.980000
750,CH,F,M,1,98680.400000,46.000000
1262,CH,F,M,1,98680.400000,62.000000
1774,CH,F,M,1,98680.400000,70.000000
2146,CH,F,M,1,98680.400000,42.000000
2415,CH,F,M,1,98680.400000,48.000000
2659,CH,F,M,1,98680.400000,43.000000
2923,CH,F,M,1,98680.400000,58.706667
3167,CH,F,M,1,98680.400000,58.706667
3411,CH,M,M,1,98680.400000,58.706667
3655,CH,M,M,1,98680.400000,58.706667
79,CC,F,S,0,98716.300000,55.660000
591,CC,F,S,0,98716.300000,55.660000
1103,CC,F,S,0,98716.300000,55.660000
1615,CC,F,S,0,98716.300000,55.660000
2612,CC,F,S,0,98716.300000,55.660000
61,CH,M,S,2,100020.000000,50.000000
3025,CC,F,M,2,98217.100000,44.980000
3269,CC,F,M,2,98217.100000,44.980000
3513,CC,F,M,2,98217.100000,44.980000
3757,CC,F,M,2,98217.100000,44.980000
243,Auto,F,M,1,98453.600000,46.000000
755,Auto,F,M,1,98453.600000,70.000000
1267,Auto,F,M,1,98453.600000,55.000000
1779,Auto,F,M,1,98453.600000,62.000000
2151,Auto,F,M,1,98453.600000,41.000000
2420,Auto,F,M,1,98453.600000,61.000000
2664,Auto,F,M,1,98453.600000,52.000000
2928,Auto,F,M,1,98453.600000,43.000000
3172,Auto,F,M,1,98453.600000,46.000000
3416,Auto,F,M,1,98453.600000,48.000000
3660,Auto,F,M,1,98453.600000,61.000000
238,CH,F,M,1,98680.400000,55.000000
326,CH,M,M,0,100020.000000,52.266667
573,CH,M,S,2,100020.000000,48.000000
834,CC,M,M,0,100020.000000,52.266667
1858,CC,M,M,0,100020.000000,45.653333
334,CC,M,M,0,120000.000000,53.213333
843,CC,M,M,1,120000.000000,53.213333
1085,CH,M,S,2,120000.000000,42.000000
1867,CC,M,M,1,120000.000000,64.226667
